name,url,language,stars,created_since,updated_since,contributor_count,org_count,commit_frequency,recent_releases_count,updated_issues_count,closed_issues_count,comment_frequency,dependents_count,criticality_score
website,https://github.com/kubernetes/website,HTML,2326,60,0,3620,6,106.6,3,2204,1575,4.9,2283,0.8451
azure-powershell,https://github.com/Azure/azure-powershell,C#,2361,77,0,1369,4,32.0,55,1083,753,2.3,16590,0.82264
WordPress-Android,https://github.com/wordpress-mobile/WordPress-Android,Kotlin,2415,138,0,178,3,155.7,149,798,599,2.6,19310,0.79549
gdal,https://github.com/OSGeo/gdal,C++,2280,271,0,340,10,31.7,10,353,302,2.2,3236,0.77286
dmd,https://github.com/dlang/dmd,D,2349,141,0,265,5,28.4,23,353,291,3.5,2759,0.75972
google-cloud-go,https://github.com/googleapis/google-cloud-go,Go,2424,81,0,230,5,19.3,88,597,490,5.4,822,0.74253
maven,https://github.com/apache/maven,Java,2390,211,0,178,11,3.6,3,60,42,2.9,42188,0.7324
cgal,https://github.com/CGAL/cgal,C++,2291,310,0,242,5,57.5,12,651,418,1.8,1279,0.7308
openui5,https://github.com/SAP/openui5,JavaScript,2325,86,0,457,2,112.5,98,150,106,2.2,2094,0.72551
ESPEasy,https://github.com/letscontrolit/ESPEasy,HTML,2353,69,0,159,5,23.0,25,205,131,5.8,671,0.71319
liquibase,https://github.com/liquibase/liquibase,Java,2403,143,0,507,4,15.1,17,324,104,1.2,2177,0.711
nifi,https://github.com/apache/nifi,Java,2403,74,0,441,4,11.3,16,235,157,1.6,1739,0.69349
google-api-ruby-client,https://github.com/googleapis/google-api-ruby-client,Ruby,2360,127,0,131,8,22.9,8,1472,1454,0.1,1769,0.69242
dom-testing-library,https://github.com/testing-library/dom-testing-library,JavaScript,2421,34,0,150,9,4.4,109,101,70,4.0,942,0.67881
rav1e,https://github.com/xiph/rav1e,Assembly,2333,40,0,89,8,11.9,40,86,72,1.9,2407,0.67085
stellarium,https://github.com/Stellarium/stellarium,C++,2389,225,0,180,6,18.8,5,288,178,3.2,201,0.67058
dbt,https://github.com/fishtown-analytics/dbt,Python,2335,59,0,128,7,18.7,23,261,163,1.8,387,0.66845
calico,https://github.com/projectcalico/calico,HTML,2284,54,0,178,5,11.2,30,349,271,1.7,439,0.66139
QuantLib,https://github.com/lballabio/QuantLib,C++,2353,246,0,164,6,9.8,3,92,65,2.3,1212,0.65766
openthread,https://github.com/openthread/openthread,C++,2324,58,0,137,8,26.6,1,523,460,2.6,334,0.65702
yt-dlc,https://github.com/blackjack4494/yt-dlc,Python,2315,152,1,943,4,11.9,6,296,174,4.1,23,0.64823
zammad,https://github.com/zammad/zammad,Ruby,2408,107,0,87,7,9.3,7,252,156,1.2,942,0.6468
Pester,https://github.com/pester/Pester,PowerShell,2408,122,1,134,9,3.6,26,165,93,2.5,163,0.64522
kiali,https://github.com/kiali/kiali,Go,2298,36,0,69,5,8.8,64,345,267,2.6,748,0.64357
webpack-merge,https://github.com/survivejs/webpack-merge,TypeScript,2293,68,1,31,9,2.9,16,25,24,3.9,7945,0.64251
azure-pipelines-tasks,https://github.com/microsoft/azure-pipelines-tasks,TypeScript,2330,76,0,568,3,11.2,1,1049,746,1.6,319,0.6425
SuiteCRM,https://github.com/salesagility/SuiteCRM,PHP,2374,89,2,231,5,4.3,15,421,75,0.7,3809,0.64171
androidx,https://github.com/androidx/androidx,Java,2388,149,0,804,3,140.6,0,35,32,1.7,205,0.64142
cms,https://github.com/craftcms/cms,PHP,2300,119,0,213,9,68.9,81,529,347,2.0,0,0.64015
kendo-ui-core,https://github.com/telerik/kendo-ui-core,JavaScript,2327,85,0,294,2,5.1,8,349,184,0.6,5136,0.63994
spring-data-elasticsearch,https://github.com/spring-projects/spring-data-elasticsearch,Java,2349,97,0,105,8,5.8,20,228,197,5.9,10,0.63509
firebase-ios-sdk,https://github.com/firebase/firebase-ios-sdk,Objective-C,2349,45,0,137,2,23.2,27,961,806,2.0,226,0.63458
Sequel-Ace,https://github.com/Sequel-Ace/Sequel-Ace,Objective-C,2374,156,0,73,6,24.3,88,455,398,2.5,17,0.63449
espurna,https://github.com/xoseperez/espurna,C++,2423,57,0,157,4,5.0,13,68,38,3.6,740,0.63382
plug,https://github.com/elixir-plug/plug,Elixir,2284,87,1,273,6,2.0,13,12,12,3.9,788,0.63165
money,https://github.com/RubyMoney/money,Ruby,2352,148,0,277,10,0.4,7,10,5,2.1,799,0.6304
glow,https://github.com/pytorch/glow,C++,2366,43,0,212,2,21.1,0,300,238,2.8,3737,0.62894
skipper,https://github.com/zalando/skipper,Go,2342,68,0,125,6,4.2,204,187,135,2.8,94,0.62823
fluentmigrator,https://github.com/fluentmigrator/fluentmigrator,C#,2401,147,0,219,9,2.3,9,72,40,2.4,81,0.62727
mongo-java-driver,https://github.com/mongodb/mongo-java-driver,Java,2369,146,0,175,4,5.4,17,36,30,0.8,1150,0.62262
yesod,https://github.com/yesodweb/yesod,Haskell,2314,142,0,263,6,2.2,73,20,18,1.1,329,0.62261
util,https://github.com/twitter/util,Scala,2420,127,0,291,3,3.1,12,3,0,4.0,1612,0.62259
Fomantic-UI,https://github.com/fomantic/Fomantic-UI,JavaScript,2307,94,0,284,8,4.8,4,158,95,1.4,88,0.61849
mikro-orm,https://github.com/mikro-orm/mikro-orm,TypeScript,2379,34,0,69,6,20.0,26,397,353,1.9,80,0.61657
libjpeg-turbo,https://github.com/libjpeg-turbo/libjpeg-turbo,C,2312,178,0,34,7,1.5,3,62,51,3.2,2522,0.61548
errbot,https://github.com/errbotio/errbot,Python,2406,105,0,191,8,1.0,10,68,43,1.5,230,0.61389
simple-binary-encoding,https://github.com/real-logic/simple-binary-encoding,Java,2338,90,0,90,6,5.4,13,15,14,3.8,245,0.61258
DietPi,https://github.com/MichaIng/DietPi,Shell,2308,71,1,61,5,20.5,0,329,227,6.1,369,0.60883
markdown,https://github.com/Python-Markdown/markdown,Python,2384,181,0,137,4,1.4,3,61,54,3.7,594,0.60877
varnish-cache,https://github.com/varnishcache/varnish-cache,C,2403,181,3,111,6,17.6,8,116,69,2.1,247,0.60755
gauge,https://github.com/getgauge/gauge,Go,2399,83,0,76,6,2.4,9,55,43,2.3,566,0.60438
xdebug,https://github.com/xdebug/xdebug,PHP,2287,228,0,81,7,6.5,8,57,56,0.5,625,0.60357
picard,https://github.com/metabrainz/picard,Python,2289,175,0,99,4,14.7,20,77,75,1.4,92,0.60348
geopandas,https://github.com/geopandas/geopandas,Python,2426,92,0,129,6,3.7,4,176,93,2.4,126,0.60212
monolog-bundle,https://github.com/symfony/monolog-bundle,PHP,2287,120,0,114,11,0.2,1,20,6,3.0,1136,0.6013
larastan,https://github.com/nunomaduro/larastan,PHP,2393,31,0,55,6,4.8,20,87,72,3.2,316,0.60067
Ombi,https://github.com/tidusjar/Ombi,C#,2366,59,0,99,4,8.6,2,224,158,2.7,373,0.5989
pythonnet,https://github.com/pythonnet/pythonnet,C#,2409,181,0,92,8,5.5,2,157,112,2.2,71,0.5958
nDPI,https://github.com/ntop/nDPI,C,2350,70,0,136,3,13.1,2,90,76,1.6,770,0.59406
joblib,https://github.com/joblib/joblib,Python,2303,149,0,98,7,1.1,6,58,23,1.6,415,0.59276
curator,https://github.com/apache/curator,Java,2408,116,2,124,8,1.1,12,4,1,2.8,1461,0.59269
Pluto.jl,https://github.com/fonsp/Pluto.jl,Julia,2311,11,0,57,6,10.8,121,339,246,2.9,127,0.59251
factory_boy,https://github.com/FactoryBoy/factory_boy,Python,2369,126,0,109,8,1.8,4,70,35,1.3,284,0.59244
Laravel-AdminLTE,https://github.com/jeroennoten/Laravel-AdminLTE,PHP,2424,67,0,82,9,2.0,14,66,62,2.0,85,0.58973
tigervnc,https://github.com/TigerVNC/tigervnc,C++,2419,156,1,102,5,2.4,2,88,71,3.2,479,0.58916
chrono,https://github.com/wanasit/chrono,TypeScript,2318,103,0,63,8,2.6,16,29,21,1.6,190,0.58856
git-subrepo,https://github.com/ingydotnet/git-subrepo,Shell,2307,87,2,35,7,1.0,2,28,14,2.0,22819,0.58383
flipper,https://github.com/jnunemaker/flipper,Ruby,2341,103,0,82,3,2.3,8,17,17,2.2,1421,0.58302
inertia,https://github.com/inertiajs/inertia,JavaScript,2390,23,0,22,9,6.4,70,183,150,1.9,217,0.58285
NeMo,https://github.com/NVIDIA/NeMo,Jupyter Notebook,2300,17,0,67,5,33.3,6,387,290,2.2,95,0.58185
node-mysql2,https://github.com/sidorares/node-mysql2,JavaScript,2374,94,1,144,6,1.1,12,74,32,2.2,170,0.58159
HIP,https://github.com/ROCm-Developer-Tools/HIP,C++,2306,61,3,159,4,13.9,3,66,14,2.2,1194,0.5813
cue,https://github.com/cuelang/cue,Go,2418,26,0,49,8,10.3,13,113,63,1.9,134,0.57968
slick,https://github.com/slick/slick,Scala,2410,145,0,159,8,0.3,1,31,9,1.5,699,0.57867
browser-kit,https://github.com/symfony/browser-kit,PHP,2281,127,0,125,13,0.7,52,0,0,0,2721,0.57857
bootsnap,https://github.com/Shopify/bootsnap,Ruby,2372,48,1,74,5,0.7,16,21,16,1.9,3504,0.57769
django-compressor,https://github.com/django-compressor/django-compressor,Python,2411,143,0,198,7,0.1,3,27,9,2.1,210,0.57515
slider,https://github.com/react-component/slider,TypeScript,2398,70,1,98,7,1.5,16,61,28,1.6,243,0.57357
async-storage,https://github.com/react-native-async-storage/async-storage,JavaScript,2287,71,0,104,7,1.3,19,123,105,1.7,32,0.57349
react-redux-firebase,https://github.com/prescottprue/react-redux-firebase,JavaScript,2401,54,0,112,8,1.3,15,78,52,1.2,74,0.56884
cleanflight,https://github.com/cleanflight/cleanflight,C,2280,108,4,471,1,5.3,5,5,5,3.0,2502,0.5669
codelyzer,https://github.com/mgechev/codelyzer,TypeScript,2389,60,0,67,11,0.7,10,33,7,0.2,1711,0.56684
sanitize-html,https://github.com/apostrophecms/sanitize-html,JavaScript,2372,89,1,68,9,2.2,4,34,27,1.9,286,0.56608
sol2,https://github.com/ThePhD/sol2,C++,2400,88,0,112,7,1.6,2,78,58,3.0,46,0.56481
strong_migrations,https://github.com/ankane/strong_migrations,Ruby,2321,63,0,15,7,3.8,7,8,6,4.1,847,0.56311
initializr,https://github.com/spring-io/initializr,Java,2411,93,0,95,4,2.6,3,47,39,1.7,326,0.56124
Ammonite,https://github.com/lihaoyi/Ammonite,Scala,2323,73,0,110,5,2.7,14,39,18,1.2,127,0.56047
praw,https://github.com/praw-dev/praw,Python,2309,127,0,201,2,4.9,1,72,57,2.2,164,0.55937
splinter,https://github.com/cobrateam/splinter,Python,2338,126,0,163,7,1.2,4,37,30,0.5,143,0.55786
engine,https://github.com/locomotivecms/engine,Ruby,2297,131,1,139,8,0.6,7,13,6,0.5,741,0.55746
ansible-lint,https://github.com/ansible-community/ansible-lint,Python,2325,90,0,139,8,8.6,15,234,195,0.6,2,0.55677
django-shop,https://github.com/awesto/django-shop,Python,2413,124,0,94,9,2.3,5,15,8,0.7,158,0.55646
PTVS,https://github.com/microsoft/PTVS,C#,2307,120,2,70,6,2.2,4,93,53,1.5,356,0.55566
vesta,https://github.com/serghey-rodin/vesta,PHP,2392,117,1,233,4,0.4,1,18,9,1.7,1281,0.55449
Simple-Calendar,https://github.com/SimpleMobileTools/Simple-Calendar,Kotlin,2310,60,0,126,1,6.7,19,70,35,1.7,281,0.5544
wire-android,https://github.com/wireapp/wire-android,Scala,2418,61,0,48,3,7.7,23,113,82,0.9,161,0.55202
catalyst,https://github.com/catalyst-team/catalyst,Python,2375,29,0,80,6,7.5,13,108,90,1.4,37,0.54977
mgba,https://github.com/mgba-emu/mgba,C,2357,95,0,96,1,13.7,5,202,109,2.2,88,0.5491
toolkit,https://github.com/actions/toolkit,TypeScript,2290,21,1,73,3,2.9,8,100,44,1.3,3598,0.54846
dash-to-dock,https://github.com/micheleg/dash-to-dock,JavaScript,2308,106,0,108,6,1.6,12,87,18,1.3,27,0.5481
devise_invitable,https://github.com/scambra/devise_invitable,Ruby,2403,135,2,165,8,0.2,7,10,8,2.8,82,0.54755
neomake,https://github.com/neomake/neomake,Vim script,2412,75,1,251,8,0.8,0,24,10,1.5,423,0.54594
perfview,https://github.com/microsoft/perfview,C#,2429,71,0,130,1,4.8,25,76,36,1.6,138,0.54564
uuid,https://github.com/google/uuid,Go,2356,115,0,31,7,0.1,3,7,2,2.4,1320,0.54347
json-editor,https://github.com/json-editor/json-editor,JavaScript,2293,87,1,133,5,4.0,9,68,28,1.7,34,0.54294
ganache,https://github.com/trufflesuite/ganache,JavaScript,2425,48,2,25,7,6.0,8,319,129,0.5,763,0.54259
streamlabs-obs,https://github.com/stream-labs/streamlabs-obs,TypeScript,2427,39,0,49,4,16.9,267,311,299,0.1,61,0.54258
javamelody,https://github.com/javamelody/javamelody,Java,2334,138,0,28,5,2.3,5,39,31,2.4,147,0.54183
shadow,https://github.com/johnrengelman/shadow,Groovy,2330,98,3,77,13,0.9,2,37,8,1.0,993,0.54072
django-mptt,https://github.com/django-mptt/django-mptt,Python,2423,159,3,143,9,0.4,2,15,7,1.7,327,0.53877
HAP-NodeJS,https://github.com/homebridge/HAP-NodeJS,TypeScript,2404,76,0,63,4,2.6,16,28,18,5.5,9,0.53709
markdownlint,https://github.com/DavidAnson/markdownlint,JavaScript,2318,72,2,24,6,2.3,8,40,25,2.4,482,0.53313
awaitility,https://github.com/awaitility/awaitility,Java,2424,134,1,45,10,0.4,3,10,3,1.2,737,0.53253
passbolt_api,https://github.com/passbolt/passbolt_api,PHP,2316,191,5,500,8,1.7,4,11,3,1.5,43,0.53234
Twidere-Android,https://github.com/TwidereProject/Twidere-Android,Kotlin,2280,79,1,35,6,4.1,17,51,17,1.9,63,0.53129
nutz,https://github.com/nutzam/nutz,Java,2360,146,1,99,5,1.3,5,7,4,0.3,1581,0.53063
ipfs-desktop,https://github.com/ipfs-shipyard/ipfs-desktop,JavaScript,2368,68,0,34,8,3.2,12,49,27,2.4,14,0.53062
caldera,https://github.com/mitre/caldera,Python,2297,38,0,56,3,15.7,18,85,74,1.8,20,0.52893
colorama,https://github.com/tartley/colorama,Python,2324,82,0,39,7,0.6,2,45,18,1.4,319,0.5273
oboe,https://github.com/google/oboe,C++,2368,43,0,32,5,5.9,3,150,105,1.6,112,0.52713
react-native-notifications,https://github.com/wix/react-native-notifications,Objective-C,2347,58,0,72,5,1.8,9,70,57,1.8,28,0.52664
vernemq,https://github.com/vernemq/vernemq,Erlang,2347,82,1,40,6,3.8,6,72,38,3.8,19,0.52611
gateway,https://github.com/WebThingsIO/gateway,JavaScript,2408,47,0,147,5,16.6,3,157,136,1.4,3,0.52545
Quicksilver,https://github.com/quicksilver/Quicksilver,Objective-C,2423,161,1,40,6,0.5,5,17,9,3.4,141,0.52518
graphql-flutter,https://github.com/zino-app/graphql-flutter,Dart,2384,32,2,62,7,2.7,20,116,84,2.1,30,0.52507
Templates,https://github.com/Dotnet-Boxed/Templates,C#,2358,76,0,27,4,5.3,28,121,111,1.1,27,0.52474
ink,https://github.com/inkle/ink,C#,2366,69,0,57,8,1.0,6,20,6,1.2,116,0.52404
HandyControl,https://github.com/HandyOrg/HandyControl,C#,2390,32,0,32,5,7.2,5,130,83,1.6,89,0.52358
material-components-web-components,https://github.com/material-components/material-components-web-components,TypeScript,2335,34,0,65,2,16.0,11,194,151,0.8,73,0.52268
chruby,https://github.com/postmodern/chruby,Shell,2404,103,2,43,11,0.2,2,8,3,4.6,171,0.52203
twitter-text,https://github.com/twitter/twitter-text,HTML,2414,134,3,143,7,0.2,3,9,3,0.9,736,0.5219
yaml-cpp,https://github.com/jbeder/yaml-cpp,C++,2416,153,0,95,5,1.3,1,38,9,0.8,225,0.52154
apiato,https://github.com/apiato/apiato,PHP,2355,58,1,54,8,1.3,14,24,13,0.9,138,0.52022
jansson,https://github.com/akheron/jansson,C,2316,143,2,93,7,0.4,3,15,9,1.5,229,0.52014
dogecoin,https://github.com/dogecoin/dogecoin,C++,2303,138,14,530,3,0.0,14,16,4,3.2,129,0.51976
webpack-book,https://github.com/survivejs/webpack-book,JavaScript,2320,73,0,52,5,16.6,21,3,2,0.7,57,0.51966
HeidiSQL,https://github.com/HeidiSQL/HeidiSQL,Pascal,2320,165,0,27,6,7.1,2,152,84,2.3,10,0.51948
CorsixTH,https://github.com/CorsixTH/CorsixTH,Lua,2300,140,0,96,2,5.3,3,115,60,1.8,27,0.51867
omniscidb,https://github.com/omnisci/omniscidb,C++,2411,80,0,92,6,19.5,7,26,13,0.9,5,0.51739
dash-to-panel,https://github.com/home-sweet-gnome/dash-to-panel,JavaScript,2324,52,0,68,4,4.0,13,67,29,2.1,14,0.51703
match-sorter,https://github.com/kentcdodds/match-sorter,TypeScript,2378,53,0,29,10,0.6,8,15,15,3.5,24,0.51651
Flurl,https://github.com/tmenier/Flurl,C#,2336,84,0,21,9,1.3,4,69,59,1.9,33,0.51628
sslyze,https://github.com/nabla-c0d3/sslyze,Python,2358,113,0,57,5,4.3,9,22,12,0.9,33,0.51559
mathnet-numerics,https://github.com/mathnet/mathnet-numerics,C#,2375,141,0,120,4,1.9,9,24,10,1.1,23,0.51558
react-tabs,https://github.com/reactjs/react-tabs,JavaScript,2280,79,0,64,10,0.8,2,34,23,0.8,57,0.51433
LuaJIT,https://github.com/LuaJIT/LuaJIT,C,2326,135,0,1,10,1.3,2,37,25,2.1,1305,0.51251
hekate,https://github.com/CTCaer/hekate,C,2292,35,0,30,3,9.2,12,67,64,3.3,22,0.5122
instaloader,https://github.com/instaloader/instaloader,Python,2428,56,0,24,3,3.0,30,186,150,2.1,20,0.51193
wechat,https://github.com/silenceper/wechat,Go,2418,53,0,39,8,1.4,13,30,20,1.0,40,0.51031
hexchat,https://github.com/hexchat/hexchat,C,2404,131,2,156,4,0.5,2,39,9,1.4,201,0.50956
skim,https://github.com/lotabout/skim,Rust,2289,56,0,49,7,3.0,8,41,30,0.8,32,0.50926
TIC-80,https://github.com/nesbox/TIC-80,C,2427,53,0,57,4,7.3,1,277,223,1.5,22,0.50874
just,https://github.com/casey/just,Rust,2289,56,0,35,6,1.8,15,48,29,2.0,16,0.50845
fritzing-app,https://github.com/fritzing/fritzing-app,C++,2281,94,0,73,2,1.5,2,244,140,1.3,89,0.50792
grpc-dotnet,https://github.com/grpc/grpc-dotnet,C#,2404,26,1,25,5,3.0,17,121,94,2.3,63,0.50682
Mailu,https://github.com/Mailu/Mailu,Python,2425,61,1,154,3,2.9,1,131,73,2.6,29,0.50591
Pimple,https://github.com/silexphp/Pimple,PHP,2389,141,0,43,11,0.2,2,5,5,1.8,61,0.50499
pronto,https://github.com/prontolabs/pronto,Ruby,2348,92,1,98,10,0.3,4,13,8,2.3,14,0.50459
proposal,https://github.com/golang/proposal,Go,2313,66,0,52,5,1.1,0,4,1,3.5,485,0.50402
notary,https://github.com/theupdateframework/notary,Go,2401,71,0,86,7,0.4,6,19,4,0.9,58,0.50292
The-Powder-Toy,https://github.com/The-Powder-Toy/The-Powder-Toy,C++,2360,127,0,104,1,2.1,34,31,19,1.7,24,0.5028
pedestal,https://github.com/pedestal/pedestal,Clojure,2340,96,1,103,8,0.5,1,8,4,1.8,90,0.50146
ini,https://github.com/go-ini/ini,Go,2330,74,3,53,6,0.6,8,13,3,1.1,641,0.49999
OmniDB,https://github.com/OmniDB/OmniDB,JavaScript,2303,58,1,23,7,16.1,4,122,67,1.4,15,0.49915
pokeapi,https://github.com/PokeAPI/pokeapi,Python,2296,74,0,65,4,2.9,0,30,25,3.8,31,0.49871
LumixEngine,https://github.com/nem0/LumixEngine,C++,2280,87,0,16,6,11.8,1,29,21,0.8,135,0.49723
angular-ngrx-material-starter,https://github.com/tomastrajan/angular-ngrx-material-starter,TypeScript,2412,45,2,61,6,1.1,24,10,8,1.8,64,0.49681
github-markdown-toc,https://github.com/ekalinin/github-markdown-toc,Shell,2329,77,1,30,8,0.5,1,33,17,1.0,477,0.49617
ko,https://github.com/google/ko,Go,2419,22,0,32,6,1.7,9,114,81,1.5,38,0.49477
o2oa,https://github.com/o2oa/o2oa,Java,2281,48,0,29,0,46.7,9,11,3,0.6,4634,0.49438
Wexflow,https://github.com/aelassas/Wexflow,C#,2418,49,1,24,4,18.0,6,19,4,1.7,138,0.49415
rust.vim,https://github.com/rust-lang/rust.vim,Vim script,2412,118,4,151,8,0.4,0,13,5,1.1,290,0.49388
tapable,https://github.com/webpack/tapable,JavaScript,2292,97,1,31,7,0.3,6,20,12,1.0,161,0.49181
SwiftUIX,https://github.com/SwiftUIX/SwiftUIX,Swift,2394,20,0,20,7,12.3,5,44,41,1.5,34,0.49159
datashader,https://github.com/holoviz/datashader,Python,2391,62,0,43,8,1.7,3,35,24,2.8,5,0.49139
Reactive-Resume,https://github.com/AmruthPillai/Reactive-Resume,JavaScript,2340,10,0,45,5,38.4,1,73,43,1.5,45,0.49082
unified,https://github.com/unifiedjs/unified,JavaScript,2394,66,0,16,10,0.6,3,4,4,1.5,231,0.49058
sokol,https://github.com/floooh/sokol,C,2348,43,0,34,4,8.5,1,71,31,3.2,21,0.49051
VancedManager,https://github.com/YTVanced/VancedManager,Kotlin,2354,10,0,17,3,32.7,10,155,143,2.7,21,0.48952
web,https://github.com/standardnotes/web,TypeScript,2329,50,0,27,4,11.0,1,25,14,2.6,53,0.48924
WhateverGreen,https://github.com/acidanthera/WhateverGreen,C++,2323,42,0,35,2,2.8,11,15,15,5.6,23,0.4876
jekyll-admin,https://github.com/jekyll/jekyll-admin,JavaScript,2391,57,1,33,7,0.8,4,26,13,1.6,114,0.48739
Chromely,https://github.com/chromelyapps/Chromely,C#,2398,41,0,23,5,3.1,3,41,36,3.3,25,0.48723
sqlparse,https://github.com/andialbrecht/sqlparse,Python,2297,143,1,91,2,0.9,2,20,6,1.0,555,0.48721
web-push,https://github.com/web-push-libs/web-push,JavaScript,2381,64,0,44,8,1.5,4,25,22,0.6,33,0.48702
reactfire,https://github.com/FirebaseExtended/reactfire,TypeScript,2342,82,0,47,5,1.5,10,299,280,0.2,7,0.48501
java-faker,https://github.com/DiUS/java-faker,Java,2323,117,0,111,3,1.6,2,33,8,0.6,57,0.48355
socket.io-redis,https://github.com/socketio/socket.io-redis,TypeScript,2348,83,2,41,7,0.3,4,58,40,1.1,74,0.48292
cxx,https://github.com/dtolnay/cxx,Rust,2341,13,0,19,2,32.4,72,365,324,0.7,26,0.48229
Gaufrette,https://github.com/KnpLabs/Gaufrette,PHP,2342,122,3,156,10,0.1,1,5,3,1.0,60,0.48003
wave,https://github.com/h2oai/wave,Python,2284,8,0,16,3,15.1,24,328,193,1.1,40,0.47943
OpenSubdiv,https://github.com/PixarAnimationStudios/OpenSubdiv,C++,2414,106,9,65,6,0.6,7,12,6,1.5,189,0.47859
Aloha-Editor,https://github.com/alohaeditor/Aloha-Editor,JavaScript,2364,129,15,82,9,0.0,38,0,0,0,1734,0.47724
schematics,https://github.com/schematics/schematics,Python,2387,124,25,107,10,0.0,1,4,1,2.0,694,0.47694
lumen,https://github.com/lumen/lumen,Rust,2327,26,0,18,8,13.1,1,73,23,0.5,87,0.47659
kaitai_struct,https://github.com/kaitai-io/kaitai_struct,Shell,2376,60,2,11,4,2.8,2,50,16,1.9,775,0.47506
meta-tags,https://github.com/kpumuk/meta-tags,Ruby,2370,150,1,53,9,0.1,3,8,6,0.5,81,0.47501
WickedEngine,https://github.com/turanszkij/WickedEngine,C++,2419,68,0,12,3,8.9,4,60,49,1.8,37,0.47483
porcupine,https://github.com/Picovoice/porcupine,Java,2281,35,0,25,5,3.7,3,44,37,2.1,24,0.47405
qawolf,https://github.com/qawolf/qawolf,TypeScript,2394,16,0,12,6,26.1,38,24,15,0.9,20,0.47405
useAuth,https://github.com/Swizec/useAuth,TypeScript,2295,18,0,22,9,4.5,2,45,35,1.8,24,0.47305
pyinstrument,https://github.com/joerick/pyinstrument,Python,2403,83,0,22,9,0.8,6,9,6,2.7,6,0.47277
SHADERed,https://github.com/dfranx/SHADERed,C++,2347,28,0,14,6,6.7,11,39,17,1.6,17,0.4698
Robo,https://github.com/consolidation/Robo,PHP,2395,85,1,144,7,1.5,10,24,16,1.4,0,0.46912
ZKEACMS,https://github.com/SeriaWei/ZKEACMS,C#,2378,50,0,12,3,4.2,8,29,22,0.5,326,0.46878
Raneto,https://github.com/gilbitron/Raneto,JavaScript,2333,81,1,75,7,0.4,1,18,6,1.3,42,0.46742
mockoon,https://github.com/mockoon/mockoon,TypeScript,2360,42,0,32,8,3.5,4,40,22,1.8,3,0.46685
papercups,https://github.com/papercups-io/papercups,Elixir,2415,6,0,34,6,10.7,1,239,168,1.3,29,0.46529
easy-sms,https://github.com/overtrue/easy-sms,PHP,2305,47,1,56,6,0.4,6,20,16,0.9,52,0.4646
Ninject,https://github.com/ninject/Ninject,C#,2428,145,11,37,10,0.0,2,5,0,3.2,216,0.46417
boundary,https://github.com/hashicorp/boundary,Go,2305,12,0,43,2,16.6,5,232,220,1.4,15,0.46397
zalenium,https://github.com/zalando/zalenium,Java,2309,52,7,94,7,0.2,3,18,9,1.1,172,0.46218
gh-pages,https://github.com/tschaub/gh-pages,JavaScript,2376,83,7,35,8,0.5,1,10,5,0.8,994,0.4614
nnabla,https://github.com/sony/nnabla,Python,2397,43,0,55,4,6.2,11,60,56,0.1,8,0.46072
rules,https://github.com/Yara-Rules/rules,YARA,2412,70,0,90,4,1.1,0,22,17,0.4,103,0.45995
warden,https://github.com/wardencommunity/warden,Ruby,2305,143,4,51,8,0.2,3,6,4,1.3,71,0.45955
roo,https://github.com/roo-rb/roo,Ruby,2416,145,5,143,8,0.1,3,7,1,0.4,77,0.4567
ImageGlass,https://github.com/d2phap/ImageGlass,C#,2314,98,0,37,2,4.9,1,112,57,1.3,16,0.45655
react-split-pane,https://github.com/tomkp/react-split-pane,JavaScript,2350,71,5,55,8,1.3,1,59,38,0.8,48,0.45482
cerberus,https://github.com/pyeve/cerberus,Python,2355,100,3,62,6,0.8,2,7,3,1.3,70,0.45446
surge,https://github.com/sintaxi/surge,JavaScript,2379,79,2,18,8,0.1,8,11,5,1.5,66,0.45434
pygal,https://github.com/Kozea/pygal,Python,2303,184,3,69,8,0.3,2,29,5,0.1,92,0.45406
ImageProcessor,https://github.com/JimBobSquarePants/ImageProcessor,C#,2369,105,9,64,6,0.2,2,9,7,3.1,56,0.45405
markdig,https://github.com/xoofx/markdig,C#,2314,60,1,62,7,2.4,18,22,7,1.8,0,0.45341
dramatiq,https://github.com/Bogdanp/dramatiq,Python,2378,44,1,62,5,2.2,4,38,32,1.8,5,0.45254
flasgger,https://github.com/flasgger/flasgger,Python,2398,71,1,93,8,0.7,2,31,10,0.9,6,0.45249
reform,https://github.com/trailblazer/reform,Ruby,2329,94,6,81,9,0.3,6,4,3,1.2,28,0.45241
pathfinder,https://github.com/servo/pathfinder,Rust,2410,49,0,45,5,6.8,1,9,3,1.1,21,0.44938
serverspec,https://github.com/mizzy/serverspec,Ruby,2393,95,3,132,9,0.1,36,0,0,0,31,0.44862
Heimdall,https://github.com/linuxserver/Heimdall,PHP,2363,36,1,49,3,0.1,17,37,6,1.0,78,0.44719
gcalcli,https://github.com/insanum/gcalcli,Python,2393,106,3,49,6,0.2,3,18,4,0.6,104,0.44685
bliss,https://github.com/LeaVerou/bliss,JavaScript,2297,67,3,35,7,0.1,1,10,4,0.9,392,0.44654
bcoin,https://github.com/bcoin-org/bcoin,JavaScript,2394,82,5,44,5,1.0,9,7,2,1.4,72,0.44644
miasm,https://github.com/cea-sec/miasm,Python,2322,115,0,73,2,3.6,1,51,37,1.4,4,0.44619
aleph,https://github.com/clj-commons/aleph,Clojure,2318,128,1,87,10,0.3,7,12,3,1.2,0,0.4443
cxxopts,https://github.com/jarro2783/cxxopts,C++,2326,77,1,53,5,0.4,2,16,3,1.2,42,0.44335
WizQTClient,https://github.com/WizTeam/WizQTClient,C,2311,109,9,35,4,0.2,5,7,1,1.7,463,0.44325
bootlint,https://github.com/twbs/bootlint,JavaScript,2388,80,6,22,9,0.2,1,1,0,1.0,1680,0.4425
Impala,https://github.com/cloudera/Impala,C++,2335,117,19,173,4,0.0,12,1,0,0.0,1004,0.43954
penthouse,https://github.com/pocketjoso/penthouse,JavaScript,2324,80,1,32,7,0.4,4,2,2,2.0,19,0.43937
pony,https://github.com/ponyorm/pony,Python,2424,180,2,20,7,0.7,3,31,9,1.1,23,0.43891
angular-seed-advanced,https://github.com/NathanWalker/angular-seed-advanced,TypeScript,2294,71,39,215,7,0.0,0,1,1,1.0,1757,0.4379
graphics,https://github.com/tensorflow/graphics,Python,2386,24,2,30,5,8.4,1,26,6,0.8,162,0.43779
TNN,https://github.com/Tencent/TNN,C++,2283,8,0,41,1,11.3,8,305,246,1.2,18,0.43694
Glimpse,https://github.com/Glimpse/Glimpse,C#,2309,121,23,56,6,0.0,3,2,0,2.0,480,0.43653
tiny-AES-c,https://github.com/kokke/tiny-AES-c,C,2366,105,0,20,5,0.3,0,14,13,2.1,28,0.4362
Il2CppDumper,https://github.com/Perfare/Il2CppDumper,C#,2352,49,1,13,4,2.5,19,52,43,1.2,10,0.43564
popeye,https://github.com/derailed/popeye,Go,2397,22,2,38,8,2.1,15,20,8,0.7,14,0.435
Riru,https://github.com/RikkaApps/Riru,C++,2348,29,0,11,5,2.8,11,64,63,2.3,2,0.43499
hard-source-webpack-plugin,https://github.com/mzgoddard/hard-source-webpack-plugin,JavaScript,2426,54,8,29,11,0.0,37,11,2,0.9,42,0.43426
angular-meteor,https://github.com/Urigo/angular-meteor,Dockerfile,2389,90,20,169,4,0.0,14,6,0,0.7,177,0.43401
speedscope,https://github.com/jlfwong/speedscope,TypeScript,2296,38,2,19,8,0.8,10,18,13,2.0,9,0.43275
ghcjs,https://github.com/ghcjs/ghcjs,Haskell,2403,127,11,48,8,0.0,0,6,2,1.5,271,0.43243
PINCache,https://github.com/pinterest/PINCache,Objective-C,2385,98,1,73,6,0.6,3,17,11,0.9,3,0.43205
gl-react,https://github.com/gre/gl-react,JavaScript,2286,66,0,11,6,0.5,2,59,43,0.9,22,0.43164
video2x,https://github.com/k4yt3x/video2x,Python,2305,35,0,12,1,6.0,16,74,46,2.4,11,0.42937
retro,https://github.com/openai/retro,C,2330,36,1,20,7,0.2,1,22,15,1.5,63,0.42744
compression,https://github.com/expressjs/compression,JavaScript,2369,86,16,13,10,0.0,5,3,0,3.7,143,0.42694
polyfill-intl-idn,https://github.com/symfony/polyfill-intl-idn,PHP,2420,28,0,13,9,0.4,7,0,0,0,625,0.42679
httprunner,https://github.com/httprunner/httprunner,Python,2310,44,6,20,5,9.7,2,46,7,0.7,114,0.42618
dockerfile-maven,https://github.com/spotify/dockerfile-maven,Java,2345,59,15,36,6,0.0,5,15,7,0.9,361,0.42601
can-it-be-done-in-react-native,https://github.com/wcandillon/can-it-be-done-in-react-native,TypeScript,2355,27,0,14,7,7.5,0,20,6,0.7,61,0.426
electerm,https://github.com/electerm/electerm,JavaScript,2386,40,0,13,3,4.5,67,221,162,1.2,0,0.42582
git-open,https://github.com/paulirish/git-open,Shell,2425,88,5,52,10,0.1,1,6,0,1.2,50,0.42487
ace-builds,https://github.com/ajaxorg/ace-builds,JavaScript,2327,106,6,13,9,0.1,4,5,0,0.8,320,0.42392
create-react-kotlin-app,https://github.com/JetBrains/create-react-kotlin-app,JavaScript,2361,55,9,331,6,0.2,59,22,15,0.7,0,0.42335
ion.rangeSlider,https://github.com/IonDen/ion.rangeSlider,JavaScript,2405,97,13,30,4,0.0,5,17,5,1.6,221,0.4233
jOOR,https://github.com/jOOQ/jOOR,Java,2375,110,2,18,7,0.2,1,5,2,2.4,33,0.42254
fusuma,https://github.com/iberianpig/fusuma,Ruby,2319,52,0,14,3,1.7,14,20,11,2.5,3,0.42167
Windows-classic-samples,https://github.com/microsoft/Windows-classic-samples,,2401,65,1,13,4,0.1,117,11,4,1.3,27,0.42146
BiliBiliTool,https://github.com/RayWangQvQ/BiliBiliTool,C#,2382,3,0,9,1,4.4,23,387,336,1.5,107,0.42126
magnetico,https://github.com/boramalper/magnetico,Go,2395,47,1,20,6,0.7,3,23,11,2.3,8,0.42049
react-native-action-button,https://github.com/mastermoo/react-native-action-button,JavaScript,2321,64,12,60,11,0.0,13,18,7,0.6,13,0.41975
keywhiz,https://github.com/square/keywhiz,Java,2337,71,2,35,3,3.5,3,36,25,1.2,10,0.41922
awesome-eslint,https://github.com/dustinspecker/awesome-eslint,,2284,63,1,89,10,1.5,0,6,6,2.2,0,0.41881
topology,https://github.com/le5le-com/topology,TypeScript,2390,22,0,14,2,3.9,17,26,22,0.7,38,0.4169
laravel-echo-server,https://github.com/tlaverdure/laravel-echo-server,TypeScript,2300,57,4,47,3,0.3,1,27,7,1.3,168,0.41662
python-qrcode,https://github.com/lincolnloop/python-qrcode,Python,2354,131,10,32,7,0.0,3,11,4,0.9,79,0.41627
react-media,https://github.com/ReactTraining/react-media,JavaScript,2284,54,7,26,10,0.8,7,3,0,4.0,6,0.41587
TouchImageView,https://github.com/MikeOrtiz/TouchImageView,Kotlin,2375,113,0,25,2,1.5,2,33,23,0.5,21,0.41423
dnmp,https://github.com/yeszao/dnmp,Shell,2353,45,1,25,1,1.1,3,35,23,1.5,152,0.41408
homesick,https://github.com/technicalpickles/homesick,Ruby,2284,132,24,50,8,0.0,3,1,0,3.0,50,0.41396
mp4parser,https://github.com/sannies/mp4parser,Java,2341,131,16,41,4,0.0,12,9,3,0.7,140,0.41287
promise,https://github.com/then/promise,JavaScript,2307,98,10,35,13,0.0,1,2,0,0.0,908,0.41265
gotenberg,https://github.com/thecodingmachine/gotenberg,Go,2366,34,0,25,7,0.7,5,37,14,2.1,0,0.41209
PowerJob,https://github.com/PowerJob/PowerJob,Java,2407,10,0,13,3,9.5,25,81,72,2.5,0,0.41116
OpenNMT,https://github.com/OpenNMT/OpenNMT,Lua,2331,58,11,46,6,0.0,5,0,0,0,2160,0.41056
wink,https://github.com/themsaid/wink,Vue,2355,27,2,45,9,1.3,7,22,8,0.6,4,0.41046
annotator,https://github.com/openannotation/annotator,JavaScript,2414,140,63,42,10,0.0,3,3,0,1.7,208,0.40943
cuid,https://github.com/ericelliott/cuid,JavaScript,2292,102,2,45,9,0.1,3,13,1,0.0,19,0.40858
scm_breeze,https://github.com/scmbreeze/scm_breeze,Shell,2397,112,0,65,6,0.1,0,6,5,2.3,0,0.40528
laravel-analytics,https://github.com/spatie/laravel-analytics,PHP,2349,71,1,50,5,0.7,4,15,14,1.9,0,0.40522
uwsgi-nginx-flask-docker,https://github.com/tiangolo/uwsgi-nginx-flask-docker,Python,2293,60,1,12,6,0.5,3,22,12,1.0,16,0.4014
feather,https://github.com/wesm/feather,JavaScript,2404,60,5,31,7,0.1,2,3,3,1.3,51,0.40123
wicked,https://github.com/zombocom/wicked,Ruby,2383,110,2,48,10,0.1,4,3,1,1.7,0,0.40059
apns2,https://github.com/sideshow/apns2,Go,2418,61,5,24,10,0.0,3,4,2,1.2,27,0.40051
taskr,https://github.com/lukeed/taskr,JavaScript,2352,67,2,35,6,0.0,12,4,2,1.0,6,0.39981
awesome-cms,https://github.com/postlight/awesome-cms,,2323,53,3,73,11,0.3,0,1,1,2.0,7,0.39834
scala-exercises,https://github.com/scala-exercises/scala-exercises,Scala,2282,77,0,89,2,3.3,0,35,32,0.1,6,0.39776
flight,https://github.com/mikecao/flight,PHP,2309,119,12,40,11,0.0,2,5,2,1.4,12,0.39747
flutter_screenutil,https://github.com/OpenFlutter/flutter_screenutil,Dart,2339,28,0,11,2,2.6,5,42,40,2.4,6,0.39738
winrt-rs,https://github.com/microsoft/winrt-rs,Rust,2356,16,0,18,7,4.7,1,74,56,1.8,0,0.3963
awesome-typescript,https://github.com/dzharii/awesome-typescript,,2316,68,1,105,9,0.7,0,5,5,1.2,0,0.3959
go-funk,https://github.com/thoas/go-funk,Go,2289,49,1,40,7,0.9,2,5,3,0.2,17,0.39562
amp,https://github.com/jmacdonald/amp,Rust,2355,72,0,22,8,0.3,2,14,9,1.4,0,0.3955
tpotce,https://github.com/telekom-security/tpotce,C,2300,74,0,16,2,3.9,3,37,34,2.7,0,0.39508
DriverStoreExplorer,https://github.com/lostindark/DriverStoreExplorer,C#,2329,123,0,28,2,1.4,9,28,21,1.0,0,0.39459
generator-chrome-extension,https://github.com/yeoman/generator-chrome-extension,JavaScript,2367,97,15,52,10,0.0,4,3,1,0.7,23,0.39437
viabtc_exchange_server,https://github.com/viabtc/viabtc_exchange_server,C,2311,47,1,17,6,0.0,0,16,10,0.4,153,0.394
JSbooks,https://github.com/revolunet/JSbooks,CSS,2360,103,4,38,11,0.0,0,0,0,0,271,0.39382
sorcery,https://github.com/NoamB/sorcery,Ruby,2359,122,52,157,5,0.0,4,2,2,1.0,50,0.39183
Laravel-5-Generators-Extended,https://github.com/laracasts/Laravel-5-Generators-Extended,PHP,2350,72,4,29,7,0.6,5,2,0,0.5,36,0.39127
minimatch,https://github.com/isaacs/minimatch,JavaScript,2332,116,17,17,8,0.0,5,5,0,1.0,101,0.39026
Detours,https://github.com/microsoft/Detours,C++,2401,51,1,27,2,0.7,0,23,14,1.5,59,0.38786
awesome-ci,https://github.com/ligurio/awesome-ci,,2377,76,1,69,8,0.3,0,1,1,3.0,0,0.38759
smooth-scrollbar,https://github.com/idiotWu/smooth-scrollbar,TypeScript,2286,62,1,17,6,0.6,2,23,12,1.6,2,0.38747
sklearn-pandas,https://github.com/scikit-learn-contrib/sklearn-pandas,Python,2308,94,0,35,4,0.9,1,30,27,0.9,0,0.38694
iotjs,https://github.com/jerryscript-project/iotjs,C,2335,70,5,66,6,0.1,0,10,4,2.1,7,0.38683
BrowserFS,https://github.com/jvilk/BrowserFS,JavaScript,2328,94,12,22,7,0.0,5,7,1,0.7,66,0.38647
tianshou,https://github.com/thu-ml/tianshou,Python,2409,33,0,18,1,4.0,11,38,25,3.6,0,0.38617
vim-instant-markdown,https://github.com/instant-markdown/vim-instant-markdown,Vim script,2404,109,0,20,6,0.0,1,51,5,1.4,0,0.38407
makisu,https://github.com/uber/makisu,Go,2331,27,2,27,8,0.6,9,10,3,0.6,5,0.38195
operator-mono-lig,https://github.com/kiliman/operator-mono-lig,JavaScript,2340,42,1,14,9,0.5,3,20,20,1.9,0,0.38192
SVGAPlayer-Android,https://github.com/svga/SVGAPlayer-Android,Java,2308,56,1,28,5,1.2,2,47,29,1.3,0,0.38171
kaolin,https://github.com/NVIDIAGameWorks/kaolin,Python,2346,14,0,14,7,1.0,2,44,20,0.9,5,0.38136
CalendarView,https://github.com/kizitonwose/CalendarView,Kotlin,2368,21,0,14,1,1.1,12,40,32,2.5,5,0.37814
react-native-htmlview,https://github.com/jsdf/react-native-htmlview,JavaScript,2429,70,6,33,5,0.1,4,11,0,0.7,37,0.37741
remotedebug-ios-webkit-adapter,https://github.com/RemoteDebug/remotedebug-ios-webkit-adapter,TypeScript,2374,51,2,25,8,0.3,2,10,1,0.9,6,0.37534
halo,https://github.com/manrajgrover/halo,Python,2367,41,2,28,6,0.2,0,7,1,2.3,14,0.3747
RSKImageCropper,https://github.com/ruslanskorb/RSKImageCropper,Objective-C,2332,78,1,15,4,0.4,4,2,2,1.0,15,0.3745
awesome-godot,https://github.com/godotengine/awesome-godot,,2364,70,0,60,6,1.2,0,13,12,0.3,0,0.3741
memoize-one,https://github.com/alexreardon/memoize-one,TypeScript,2337,48,5,13,7,0.1,7,6,0,0.7,57,0.37394
KindleEar,https://github.com/cdhigh/KindleEar,Python,2424,92,1,26,6,0.0,0,8,2,0.5,17,0.3725
rust-web-framework-comparison,https://github.com/flosse/rust-web-framework-comparison,,2347,66,3,62,6,0.4,0,15,10,0.7,4,0.37188
learn-to-send-email-via-google-script-html-no-server,https://github.com/dwyl/learn-to-send-email-via-google-script-html-no-server,HTML,2415,64,2,16,7,0.2,0,14,5,1.4,11,0.37163
versionpress,https://github.com/versionpress/versionpress,PHP,2375,94,4,29,7,0.1,3,5,0,0.0,34,0.3707
qlstephen,https://github.com/whomwah/qlstephen,Objective-C,2306,146,11,22,5,0.2,1,18,3,1.3,25,0.37036
keen-slider,https://github.com/rcbyr/keen-slider,JavaScript,2350,9,2,8,4,3.7,50,30,16,1.6,5,0.37033
scala-style-guide,https://github.com/databricks/scala-style-guide,,2328,71,9,31,9,0.0,0,1,0,0.0,393,0.36909
awesome-ecs,https://github.com/nathanpeck/awesome-ecs,,2416,44,0,30,7,0.4,0,8,8,0.5,3,0.36841
NoiseTorch,https://github.com/lawl/NoiseTorch,Go,2378,6,0,5,3,1.5,19,29,18,3.6,3,0.36776
Crypto-Signal,https://github.com/CryptoSignal/Crypto-Signal,Python,2400,40,4,25,6,0.1,0,48,39,1.3,9,0.3677
go-linq,https://github.com/ahmetb/go-linq,Go,2346,86,0,14,7,0.1,1,4,3,0.5,4,0.36713
specta,https://github.com/specta/specta,Objective-C,2298,110,34,62,10,0.0,3,0,0,0,89,0.36584
vue-infinite-loading,https://github.com/PeachScript/vue-infinite-loading,JavaScript,2325,57,5,18,4,0.1,1,11,3,0.9,93,0.36539
drozer,https://github.com/FSecureLABS/drozer,Python,2413,108,2,32,3,0.0,2,15,6,1.1,4,0.36528
node-oauth,https://github.com/ciaranj/node-oauth,JavaScript,2366,133,49,52,9,0.0,3,4,0,0.8,26,0.36423
LifetimeTracker,https://github.com/krzysztofzablocki/LifetimeTracker,Swift,2305,42,0,21,9,0.1,1,2,1,2.0,0,0.36361
scriptcs,https://github.com/scriptcs/scriptcs,C#,2285,96,7,68,9,0.0,3,5,3,0.8,0,0.36278
matchMedia.js,https://github.com/paulirish/matchMedia.js,JavaScript,2359,129,20,28,10,0.0,0,2,0,2.0,20,0.36242
alfred-workflow,https://github.com/deanishe/alfred-workflow,Python,2308,84,5,14,6,0.4,2,6,2,0.8,19,0.36033
svgbob,https://github.com/ivanceras/svgbob,Rust,2283,52,1,12,6,1.5,1,11,4,2.6,0,0.35733
jxcore,https://github.com/jxcore/jxcore,JavaScript,2287,83,39,39,5,0.0,1,1,1,1.0,226,0.35665
gocron,https://github.com/jasonlvhit/gocron,Go,2357,78,9,27,8,0.2,1,3,1,0.7,18,0.35571
aws-workshop-for-kubernetes,https://github.com/aws-samples/aws-workshop-for-kubernetes,Shell,2284,42,4,101,5,0.1,0,0,0,0,116,0.35547
gts,https://github.com/AppScale/gts,Python,2413,119,8,69,5,0.2,5,1,0,2.0,0,0.3553
react-notification-system,https://github.com/igorprado/react-notification-system,JavaScript,2424,69,8,30,4,0.1,6,4,1,0.5,27,0.35336
rawgit,https://github.com/rgrove/rawgit,JavaScript,2323,97,27,23,12,0.0,3,1,1,0.0,100,0.35324
CTF-All-In-One,https://github.com/firmianay/CTF-All-In-One,C,2305,43,0,14,4,0.5,0,5,5,0.8,15,0.35291
react-chrono,https://github.com/prabhuignoto/react-chrono,TypeScript,2325,5,0,5,2,7.2,18,55,50,1.4,3,0.3527
tape,https://github.com/square/tape,Java,2389,126,28,28,4,0.0,1,4,3,1.5,54,0.35082
Flare-Flutter,https://github.com/2d-inc/Flare-Flutter,Dart,2381,34,3,11,3,0.3,0,21,6,1.5,100,0.35076
ox,https://github.com/curlpipe/ox,Rust,2286,6,2,11,2,6.2,10,79,55,2.5,2,0.35067
react-sticky,https://github.com/captivationsoftware/react-sticky,JavaScript,2404,78,16,38,6,0.0,4,4,2,0.5,15,0.34871
awesome-knowledge-distillation,https://github.com/dkozlov/awesome-knowledge-distillation,,2302,47,1,17,10,0.3,0,2,2,2.5,0,0.34826
vim-indent-guides,https://github.com/nathanaelkane/vim-indent-guides,Vim script,2371,123,32,19,2,0.0,1,1,1,4.0,139,0.34738
webdis,https://github.com/nicolasff/webdis,C,2348,122,1,26,4,1.0,1,3,2,1.3,0,0.34733
Android-FilePicker,https://github.com/DroidNinja/Android-FilePicker,Kotlin,2312,54,2,17,5,0.6,0,25,9,1.0,5,0.34706
oauth2-server-laravel,https://github.com/lucadegasperi/oauth2-server-laravel,PHP,2406,89,47,54,7,0.0,5,0,0,0,125,0.34684
fast-memoize.js,https://github.com/caiogondim/fast-memoize.js,JavaScript,2385,61,10,24,11,0.1,3,2,0,0.5,12,0.34614
OpenLiveWriter,https://github.com/OpenLiveWriter/OpenLiveWriter,C#,2358,62,15,52,6,0.0,1,6,4,0.8,11,0.3452
Polycode,https://github.com/ivansafrin/Polycode,C++,2356,123,65,46,4,0.0,0,1,0,2.0,181,0.34491
RxRelay,https://github.com/JakeWharton/RxRelay,Java,2408,61,3,15,9,0.1,1,1,1,1.0,6,0.34467
OSINT-Framework,https://github.com/lockfale/OSINT-Framework,JavaScript,2379,62,11,41,8,0.1,0,7,1,0.4,24,0.3445
finmarketpy,https://github.com/cuemacro/finmarketpy,Python,2430,72,0,14,2,0.7,4,6,3,1.0,2,0.34385
ReactiveNetwork,https://github.com/pwittchen/ReactiveNetwork,Java,2410,66,5,14,4,0.7,2,3,0,2.0,12,0.34379
gifsicle,https://github.com/kohler/gifsicle,C,2410,278,5,18,5,0.0,3,4,0,1.0,6,0.3431
safaribooks,https://github.com/lorenzodifuccia/safaribooks,Python,2298,38,1,15,1,0.3,0,33,20,2.2,28,0.34305
referencesource,https://github.com/microsoft/referencesource,C#,2364,75,2,10,3,0.1,0,9,5,0.9,55,0.34286
go-fastdfs,https://github.com/sjqzhang/go-fastdfs,Go,2398,41,2,15,2,0.7,4,20,17,1.1,7,0.34275
redux-router,https://github.com/acdlite/redux-router,JavaScript,2327,67,54,44,8,0.0,2,1,0,1.0,50,0.34247
ReactiveObjC,https://github.com/ReactiveCocoa/ReactiveObjC,Objective-C,2330,108,21,218,5,0.0,1,2,1,0.0,9,0.34207
expect,https://github.com/mjackson/expect,JavaScript,2314,83,33,35,8,0.0,5,0,0,0,91,0.34204
dingtalk,https://github.com/nashaofu/dingtalk,JavaScript,2331,44,1,15,1,0.6,7,21,9,1.3,7,0.34197
clojure-cookbook,https://github.com/clojure-cookbook/clojure-cookbook,Clojure,2331,95,32,117,7,0.0,0,0,0,0,89,0.34069
s-tui,https://github.com/amanusk/s-tui,Python,2425,46,5,11,5,0.4,3,4,0,0.8,41,0.3406
kityminder-editor,https://github.com/fex-team/kityminder-editor,JavaScript,2365,74,23,11,5,0.0,10,13,0,0.6,62,0.33976
tolua,https://github.com/topameng/tolua,C#,2390,63,4,14,3,0.1,1,5,1,0.4,126,0.33766
minicron,https://github.com/jamesrwhite/minicron,Ruby,2323,84,10,36,6,0.1,5,0,0,0,25,0.33741
tacotron2,https://github.com/NVIDIA/tacotron2,Jupyter Notebook,2394,33,7,18,2,0.1,0,36,16,2.1,51,0.33572
XLM,https://github.com/facebookresearch/XLM,Python,2292,24,13,12,7,0.0,0,14,2,1.2,130,0.33427
open-product-management,https://github.com/ProductHired/open-product-management,,2415,59,1,61,9,0.2,0,4,3,0.0,0,0.33421
tensorflow-without-a-phd,https://github.com/GoogleCloudPlatform/tensorflow-without-a-phd,Jupyter Notebook,2332,57,7,12,4,0.2,0,2,0,3.0,39,0.33408
awesome-powershell,https://github.com/janikvonrotz/awesome-powershell,PowerShell,2327,68,0,40,5,0.8,0,2,1,0.5,0,0.33395
Backbone-relational,https://github.com/PaulUithol/Backbone-relational,JavaScript,2367,119,24,64,8,0.0,1,0,0,0,27,0.33372
booking-js,https://github.com/timekit-io/booking-js,JavaScript,2330,64,2,11,7,0.1,1,7,2,0.3,8,0.33259
ehForwarderBot,https://github.com/ehForwarderBot/ehForwarderBot,Python,2412,56,0,14,3,1.4,2,15,15,0.5,0,0.33202
zui,https://github.com/easysoft/zui,JavaScript,2403,88,1,15,1,3.2,1,5,1,0.2,40,0.332
ngStorage,https://github.com/gsklee/ngStorage,JavaScript,2378,92,28,34,7,0.0,2,1,0,1.0,14,0.33119
sclack,https://github.com/haskellcamargo/sclack,Python,2297,32,4,27,9,0.0,0,4,0,1.8,3,0.33098
easyXDM,https://github.com/oyvindkinsey/easyXDM,XSLT,2383,141,21,33,10,0.0,1,1,1,0.0,17,0.33065
ccapture.js,https://github.com/spite/ccapture.js,JavaScript,2427,102,5,10,4,0.0,1,8,2,1.4,10,0.33022
android-signaturepad,https://github.com/gcacace/android-signaturepad,Java,2371,83,10,27,6,0.1,1,5,1,0.6,9,0.32978
redaxios,https://github.com/developit/redaxios,JavaScript,2429,29,2,13,8,0.8,2,7,4,1.4,0,0.32943
IntelliJ-Key-Promoter-X,https://github.com/halirutan/IntelliJ-Key-Promoter-X,Java,2377,43,1,9,5,0.8,8,9,4,0.8,0,0.32853
Person_reID_baseline_pytorch,https://github.com/layumi/Person_reID_baseline_pytorch,Python,2428,37,0,8,2,0.9,0,26,9,1.1,10,0.32791
sass-boilerplate,https://github.com/HugoGiraudel/sass-boilerplate,CSS,2375,69,10,13,9,0.0,0,2,2,1.0,17,0.32769
jquery-modal,https://github.com/kylefox/jquery-modal,JavaScript,2357,126,20,32,4,0.0,2,7,2,0.3,22,0.32743
Fusuma,https://github.com/ytakzk/Fusuma,Swift,2418,60,15,55,5,0.0,11,0,0,0,16,0.32709
secretive,https://github.com/maxgoedjen/secretive,Swift,2379,11,1,5,1,3.2,15,49,34,1.5,6,0.32673
ksuid,https://github.com/segmentio/ksuid,Go,2309,45,6,13,6,0.1,2,1,0,2.0,8,0.32659
Google-Maps-for-Rails,https://github.com/apneadiving/Google-Maps-for-Rails,JavaScript,2292,121,40,61,5,0.0,9,0,0,0,22,0.32579
patator,https://github.com/lanjelot/patator,Python,2375,111,1,13,3,0.5,1,12,11,1.1,0,0.3253
bug-bounty-reference,https://github.com/ngalongc/bug-bounty-reference,,2341,53,3,21,5,0.1,0,3,3,0.0,40,0.3245
Open-Source-Programs,https://github.com/tapaswenipathak/Open-Source-Programs,CSS,2333,62,15,41,9,0.0,0,13,5,1.8,0,0.32414
talk-transcripts,https://github.com/matthiasn/talk-transcripts,,2286,76,9,35,9,0.0,0,5,0,0.6,4,0.32322
array-explorer,https://github.com/sdras/array-explorer,JavaScript,2352,37,2,43,8,0.2,0,3,1,0.3,2,0.32292
awesome-macos-screensavers,https://github.com/agarrharr/awesome-macos-screensavers,,2322,72,2,27,9,0.1,0,5,3,0.4,0,0.32117
emojicode,https://github.com/emojicode/emojicode,C,2353,61,6,21,3,0.1,1,6,3,0.8,17,0.32069
scriptaculous,https://github.com/madrobby/scriptaculous,HTML,2321,189,35,15,9,0.0,0,0,0,0,281,0.32047
react-apollo-hooks,https://github.com/trojanowski/react-apollo-hooks,TypeScript,2418,27,17,18,5,0.0,10,7,2,1.0,12,0.32024
redux-mock-store,https://github.com/reduxjs/redux-mock-store,JavaScript,2340,63,13,34,9,0.0,2,1,0,2.0,0,0.31948
sandspiel,https://github.com/MaxBittker/sandspiel,Rust,2287,27,0,9,3,0.3,0,16,5,0.8,11,0.31927
sentiment,https://github.com/thisandagain/sentiment,JavaScript,2340,101,13,18,7,0.0,0,2,1,0.5,21,0.31708
lumberjack,https://github.com/natefinch/lumberjack,Go,2308,80,3,10,4,0.0,1,20,4,2.5,0,0.31667
vuex-router-sync,https://github.com/vuejs/vuex-router-sync,JavaScript,2363,59,6,18,11,0.1,1,1,0,0.0,12,0.31646
react-native-tab-navigator,https://github.com/ptomasroos/react-native-tab-navigator,JavaScript,2385,66,6,26,12,0.0,0,2,1,1.5,0,0.31536
Gerapy,https://github.com/Gerapy/Gerapy,Python,2297,43,4,11,2,0.5,2,14,1,0.8,34,0.31459
wept,https://github.com/wetools/wept,JavaScript,2406,52,1,11,2,0.6,18,7,5,0.1,2,0.31397
php-static-analysis-tools,https://github.com/exakat/php-static-analysis-tools,,2390,60,4,32,7,0.0,0,0,0,0,18,0.31277
libchan,https://github.com/docker/libchan,Go,2430,80,57,19,8,0.0,0,1,0,1.0,82,0.31218
image-super-resolution,https://github.com/idealo/image-super-resolution,Python,2399,26,2,9,3,0.2,0,26,8,1.5,10,0.30844
RMStore,https://github.com/robotmedia/RMStore,C,2387,91,61,18,9,0.0,2,2,1,1.0,10,0.30838
SPStorkController,https://github.com/varabeis/SPStorkController,Swift,2323,26,1,8,3,0.2,3,1,0,6.0,0,0.30776
libreact,https://github.com/streamich/libreact,TypeScript,2381,36,7,9,6,0.1,1,2,0,1.0,27,0.30739
react-pwa,https://github.com/Atyantik/react-pwa,JavaScript,2371,45,5,16,5,0.3,2,2,0,3.0,0,0.30663
firechat,https://github.com/FirebaseExtended/firechat,JavaScript,2311,93,5,18,7,0.1,2,1,0,1.0,0,0.30629
ownphotos,https://github.com/hooram/ownphotos,Jupyter Notebook,2412,44,14,15,2,0.0,1,15,7,2.9,11,0.30563
balanced-dashboard,https://github.com/balanced/balanced-dashboard,JavaScript,2325,95,71,43,6,0.0,2,0,0,0,76,0.30456
tacotron,https://github.com/keithito/tacotron,Python,2331,43,11,12,5,0.0,1,13,6,0.8,11,0.30417
Toucan,https://github.com/gavinbunney/Toucan,Swift,2383,78,25,18,7,0.0,2,2,1,1.0,5,0.30415
ECommerceCrawlers,https://github.com/DropsDevopsOrg/ECommerceCrawlers,Python,2380,22,2,10,3,1.0,1,3,0,0.7,33,0.30372
js-csp,https://github.com/js-csp/js-csp,JavaScript,2288,85,36,21,10,0.0,3,2,2,1.5,0,0.30253
redsocks,https://github.com/darkk/redsocks,C,2314,166,18,11,2,0.0,0,7,2,1.1,89,0.30208
pentest-wiki,https://github.com/nixawk/pentest-wiki,Python,2367,75,4,16,5,0.0,0,1,0,0.0,35,0.30198
RAdam,https://github.com/LiyuanLucasLiu/RAdam,Python,2303,18,4,13,8,0.1,0,1,1,1.0,13,0.30138
AtomicGameEngine,https://github.com/AtomicGameEngine/AtomicGameEngine,C++,2387,73,28,42,5,0.0,0,1,1,0.0,72,0.3013
ReLinker,https://github.com/KeepSafe/ReLinker,Java,2320,64,11,12,7,0.1,1,3,0,0.0,32,0.30059
swagger-bootstrap-ui,https://github.com/xiaoymin/swagger-bootstrap-ui,JavaScript,2285,45,2,6,0,0.1,7,40,26,2.5,8,0.30043
mailgen,https://github.com/eladnava/mailgen,HTML,2356,56,3,12,4,0.2,0,6,3,1.5,2,0.29969
repo-badges,https://github.com/dwyl/repo-badges,HTML,2280,76,11,12,7,0.0,0,0,0,0,91,0.29956
AndroidGodEye,https://github.com/Kyson/AndroidGodEye,Java,2286,38,8,8,3,2.0,10,1,0,4.0,0,0.29927
bat,https://github.com/astaxie/bat,Go,2376,70,19,21,12,0.0,0,2,1,0.5,6,0.29859
pipelinedb,https://github.com/pipelinedb/pipelinedb,C,2356,87,21,18,8,0.0,8,0,0,0,6,0.29726
react-easy-state,https://github.com/RisingStack/react-easy-state,JavaScript,2289,44,9,14,4,1.9,8,7,2,0.9,0,0.2972
shairport,https://github.com/abrasive/shairport,C,2359,119,74,67,6,0.0,0,0,0,0,56,0.29606
instaparse,https://github.com/Engelberg/instaparse,Clojure,2374,97,22,27,5,0.0,5,0,0,0,14,0.29605
funcy,https://github.com/Suor/funcy,Python,2430,100,4,24,5,0.2,6,2,0,0.0,0,0.29599
drop,https://github.com/HubSpot/drop,CSS,2359,88,60,24,7,0.0,8,0,0,0,20,0.29402
curriculum,https://github.com/cncf/curriculum,,2376,46,2,7,4,0.5,0,5,1,1.4,4,0.29398
awesome-lowcode,https://github.com/taowen/awesome-lowcode,,2360,6,0,18,6,7.2,0,10,10,0.0,0,0.2935
interactive-deep-colorization,https://github.com/junyanz/interactive-deep-colorization,Python,2305,45,3,8,4,0.1,0,4,1,0.8,16,0.29284
rsync-time-backup,https://github.com/laurent22/rsync-time-backup,Shell,2286,88,14,45,2,0.0,0,9,2,0.3,20,0.29256
joy4,https://github.com/nareix/joy4,Go,2285,96,8,17,5,0.0,0,7,3,0.7,2,0.29223
fastpack,https://github.com/fastpack/fastpack,OCaml,2284,44,18,15,6,0.0,7,1,0,0.0,23,0.2921
qml-material,https://github.com/papyros/qml-material,QML,2354,75,55,54,4,0.0,1,1,1,0.0,57,0.29191
EKAlgorithms,https://github.com/EvgenyKarkan/EKAlgorithms,Objective-C,2414,90,22,20,8,0.0,0,0,0,0,39,0.29179
PAT,https://github.com/liuchuo/PAT,C++,2300,61,2,14,3,0.2,0,3,1,0.3,12,0.29171
octosql,https://github.com/cube2222/octosql,Go,2313,23,5,9,0,10.4,1,4,2,1.0,163,0.29099
TabFS,https://github.com/osnr/TabFS,JavaScript,2316,26,0,9,0,2.1,0,52,26,2.4,3,0.29069
go-build-template,https://github.com/thockin/go-build-template,Makefile,2310,52,1,12,2,0.2,0,2,1,0.5,18,0.29063
microservices-platform,https://github.com/zlt2000/microservices-platform,Java,2394,24,1,11,2,2.6,10,0,0,0,9,0.2904
oh-my-wechat,https://github.com/lmk123/oh-my-wechat,Shell,2318,36,3,6,2,0.4,5,6,4,1.2,5,0.29008
wwwsqldesigner,https://github.com/ondras/wwwsqldesigner,JavaScript,2316,147,12,30,6,0.0,0,3,0,1.3,0,0.28998
ImageViewer,https://github.com/Krisiacik/ImageViewer,Swift,2341,62,15,37,7,0.0,4,2,0,0.5,0,0.28965
thal,https://github.com/emadehsan/thal,JavaScript,2291,41,2,11,5,0.1,0,3,3,0.7,3,0.28944
awesome-go-cn,https://github.com/yinggaozhen/awesome-go-cn,,2417,19,0,3,2,5.1,4,94,93,0.0,0,0.28803
jsonbox,https://github.com/vasanthv/jsonbox,JavaScript,2375,17,3,20,6,1.5,0,8,4,1.0,0,0.28778
HTML5-Reset,https://github.com/murtaugh/HTML5-Reset,CSS,2287,125,16,12,7,0.0,0,5,0,0.0,19,0.28711
navigation-stack,https://github.com/Ramotion/navigation-stack,Swift,2281,59,9,14,7,0.0,3,0,0,0,8,0.28493
teletype,https://github.com/atom/teletype,JavaScript,2286,44,8,18,6,0.1,7,18,1,0.1,0,0.2842
cloudtunes,https://github.com/jakubroztocil/cloudtunes,CoffeeScript,2430,77,6,13,7,0.0,0,0,0,0,15,0.28378
hazel,https://github.com/vercel/hazel,JavaScript,2426,42,11,13,7,0.1,2,9,2,1.1,0,0.28244
cpp-cheat-sheet,https://github.com/gibsjose/cpp-cheat-sheet,C++,2414,60,1,11,7,0.1,0,6,5,0.0,0,0.28195
tray,https://github.com/grandcentrix/tray,Java,2318,72,35,11,6,0.0,2,1,0,1.0,12,0.28126
automatic-app-landing-page,https://github.com/emilbaehr/automatic-app-landing-page,SCSS,2302,25,3,7,5,0.1,0,7,6,1.1,4,0.28103
codecrumbs,https://github.com/Bogdan-Lyashenko/codecrumbs,JavaScript,2424,33,8,10,2,0.0,3,1,0,3.0,8,0.2805
BigVideo.js,https://github.com/johnpolacek/BigVideo.js,JavaScript,2280,102,5,16,8,0.0,2,1,0,0.0,0,0.28021
dlite,https://github.com/nlf/dlite,Go,2386,66,33,17,15,0.0,3,0,0,0,9,0.28016
pyvim,https://github.com/prompt-toolkit/pyvim,Python,2346,73,11,12,6,0.2,1,2,0,0.5,4,0.28008
OpenKE,https://github.com/thunlp/OpenKE,Python,2320,40,9,10,4,0.1,0,23,5,1.3,4,0.27997
react-router-transition,https://github.com/maisano/react-router-transition,JavaScript,2420,60,15,16,8,0.0,4,3,0,0.7,0,0.27971
meteor-up-legacy,https://github.com/arunoda/meteor-up-legacy,JavaScript,2315,87,60,35,12,0.0,11,1,1,0.0,0,0.27956
awesomefluttertips,https://github.com/erluxman/awesomefluttertips,Dart,2386,8,1,5,4,1.1,0,8,6,1.2,8,0.27946
selenium-python-helium,https://github.com/mherrmann/selenium-python-helium,Python,2335,14,0,5,1,1.9,6,14,11,1.6,0,0.27921
AnimationEasingFunctions,https://github.com/daimajia/AnimationEasingFunctions,Java,2378,80,5,10,7,0.1,0,0,0,0,11,0.27829
22120,https://github.com/c9fe/22120,JavaScript,2383,13,1,6,1,2.4,15,8,8,0.5,3,0.27823
CheckVersionLib,https://github.com/AlexLiuSheng/CheckVersionLib,Java,2413,52,1,6,1,0.2,6,16,15,1.2,0,0.27816
keybase-gpg-github,https://github.com/pstadler/keybase-gpg-github,,2365,58,20,18,13,0.0,0,0,0,0,19,0.27804
PHPVerbalExpressions,https://github.com/VerbalExpressions/PHPVerbalExpressions,PHP,2367,91,7,26,7,0.0,0,0,0,0,3,0.27784
Broadway,https://github.com/mbebenita/Broadway,C,2365,113,31,13,5,0.0,0,8,1,0.5,14,0.2777
express-es6-rest-api,https://github.com/developit/express-es6-rest-api,JavaScript,2361,71,36,12,6,0.0,0,1,1,1.0,21,0.27707
Garlic.js,https://github.com/guillaumepotier/Garlic.js,CSS,2353,99,13,25,9,0.0,3,0,0,0,0,0.27595
ProcDump-for-Linux,https://github.com/microsoft/ProcDump-for-Linux,C,2285,39,3,13,5,0.2,1,6,1,0.7,0,0.27352
pytorch-OpCounter,https://github.com/Lyken17/pytorch-OpCounter,Python,2304,36,4,14,5,0.3,0,14,4,0.9,0,0.27334
resilience-engineering,https://github.com/lorin/resilience-engineering,,2340,25,0,10,4,1.2,0,3,0,0.0,3,0.27299
sharingbuttons.io,https://github.com/mxstbr/sharingbuttons.io,JavaScript,2390,69,9,18,8,0.1,0,1,0,1.0,0,0.2727
30-seconds-of-php,https://github.com/30-seconds/30-seconds-of-php,PHP,2403,32,4,30,11,0.2,0,1,1,0.0,0,0.27148
CPython-Internals,https://github.com/zpoint/CPython-Internals,Python,2399,21,0,10,4,1.0,0,1,1,0.0,4,0.27127
superscrollorama,https://github.com/johnpolacek/superscrollorama,JavaScript,2430,105,34,12,7,0.0,0,0,0,0,52,0.27125
desk,https://github.com/jamesob/desk,Shell,2341,64,21,22,5,0.0,2,0,0,0,15,0.27043
LANs.py,https://github.com/DanMcInerney/LANs.py,Python,2421,98,26,13,5,0.0,0,0,0,0,62,0.26698
SimpleCropView,https://github.com/igreenwood/SimpleCropView,Java,2353,67,28,13,5,0.0,3,9,1,0.6,2,0.26679
dlwpt-code,https://github.com/deep-learning-with-pytorch/dlwpt-code,Jupyter Notebook,2356,34,0,2,1,0.4,2,21,9,2.4,0,0.26609
blackhat-arsenal-tools,https://github.com/toolswatch/blackhat-arsenal-tools,,2281,42,4,69,6,0.0,0,0,0,0,0,0.26562
flamescope,https://github.com/Netflix/flamescope,Python,2405,34,13,21,6,0.0,0,5,0,0.0,14,0.26427
qark,https://github.com/linkedin/qark,Python,2402,68,22,24,4,0.0,0,10,0,0.9,3,0.26349
Transition,https://github.com/Touchwonders/Transition,Swift,2428,47,2,8,4,0.1,1,2,1,1.0,0,0.26346
lwip,https://github.com/EyalAr/lwip,C,2288,80,55,14,3,0.0,2,2,1,1.0,15,0.26299
data_location,https://github.com/mumuy/data_location,JavaScript,2297,53,1,3,1,0.2,0,9,4,0.8,20,0.26281
GitTools,https://github.com/internetwache/GitTools,Shell,2299,70,6,14,3,0.2,0,2,0,0.5,6,0.26245
lit,https://github.com/PAIR-code/lit,TypeScript,2321,6,2,10,2,2.1,3,130,112,0.3,0,0.26239
accessible-html5-video-player,https://github.com/paypal/accessible-html5-video-player,JavaScript,2333,77,3,18,5,0.0,0,0,0,0,2,0.26182
Typeset,https://github.com/davidmerfield/Typeset,JavaScript,2353,72,3,8,3,0.1,1,1,1,0.0,7,0.26081
torch-rnn,https://github.com/jcjohnson/torch-rnn,Lua,2316,60,42,12,6,0.0,0,0,0,0,118,0.2606
luminoth,https://github.com/tryolabs/luminoth,Python,2332,48,12,15,3,0.0,3,5,2,1.4,0,0.25901
sandman,https://github.com/jeffknupp/sandman,Python,2328,91,30,17,6,0.0,0,0,0,0,23,0.25899
WheelPicker,https://github.com/AigeStudio/WheelPicker,Java,2409,62,19,10,3,0.0,0,2,1,0.5,40,0.25857
rumps,https://github.com/jaredks/rumps,Python,2389,91,8,23,2,0.2,0,8,0,0.6,2,0.25664
nginx-boilerplate,https://github.com/nginx-boilerplate/nginx-boilerplate,Dockerfile,2417,93,30,19,7,0.0,2,0,0,0,3,0.25646
zfaka,https://github.com/zlkbdotnet/zfaka,HTML,2391,33,13,2,1,0.0,16,7,0,0.6,115,0.25623
Familia,https://github.com/baidu/Familia,C++,2343,44,6,15,1,0.1,1,1,0,1.0,16,0.25524
spotlight,https://github.com/maciejkula/spotlight,Python,2386,43,11,11,5,0.1,2,2,0,0.5,2,0.25415
Physijs,https://github.com/chandlerprall/Physijs,JavaScript,2298,108,64,24,7,0.0,0,0,0,0,15,0.25334
Album,https://github.com/yanzhenjie/Album,Java,2369,51,26,7,2,0.0,4,6,1,0.5,29,0.25257
family.scss,https://github.com/LukyVj/family.scss,CSS,2311,56,6,8,5,0.0,2,0,0,0,5,0.25179
later,https://github.com/bunkat/later,HTML,2358,109,34,10,3,0.0,1,3,0,0.7,11,0.25137
CapsNet-Keras,https://github.com/XifengGuo/CapsNet-Keras,Python,2397,39,8,6,2,0.0,0,7,4,0.4,41,0.25102
OmniGroup,https://github.com/omnigroup/OmniGroup,Objective-C,2409,147,18,13,5,0.0,0,0,0,0,11,0.25079
awesome-stacks,https://github.com/stackshareio/awesome-stacks,JavaScript,2415,23,3,33,5,0.1,0,0,0,0,2,0.2506
at-ui,https://github.com/AT-UI/at-ui,Vue,2282,45,35,14,5,0.0,2,5,3,0.4,3,0.24942
alfred-github-workflow,https://github.com/gharlan/alfred-github-workflow,PHP,2327,97,35,15,6,0.0,1,5,0,0.2,2,0.24881
engine,https://github.com/Qovery/engine,Rust,2395,3,0,5,1,7.1,0,122,117,0.1,3,0.24822
awesome-c,https://github.com/inputsh/awesome-c,,2323,68,15,49,4,0.0,0,2,0,0.5,0,0.24768
oriDomi,https://github.com/dmotz/oriDomi,CoffeeScript,2373,103,30,5,4,0.0,1,2,2,1.0,5,0.24724
CameraFragment,https://github.com/florent37/CameraFragment,Java,2294,49,13,13,5,0.0,1,3,0,0.0,5,0.24611
awesome-deeplearning-resources,https://github.com/endymecy/awesome-deeplearning-resources,,2347,50,7,15,3,1.6,0,0,0,0,8,0.24572
gojson,https://github.com/ChimeraCoder/gojson,Go,2307,98,29,13,8,0.0,0,0,0,0,6,0.24489
Blockchain-stuff,https://github.com/Xel/Blockchain-stuff,,2353,51,8,24,8,0.0,0,1,0,0.0,0,0.24454
AQGridView,https://github.com/AlanQuatermain/AQGridView,Objective-C,2414,131,89,31,5,0.0,0,0,0,0,18,0.24371
gridforms,https://github.com/furiouscollective/gridforms,CSS,2424,90,22,17,11,0.0,1,0,0,0,0,0.2436
slip,https://github.com/kornelski/slip,JavaScript,2388,86,22,21,9,0.0,1,0,0,0,0,0.24337
jshistory-cn,https://github.com/doodlewind/jshistory-cn,TypeScript,2355,9,2,7,4,2.8,0,4,3,1.2,0,0.24282
GMGridView,https://github.com/gmoledina/GMGridView,Objective-C,2356,113,36,13,5,0.0,1,0,0,0,9,0.24208
styleguide,https://github.com/fex-team/styleguide,,2329,83,27,13,8,0.0,0,1,0,1.0,0,0.24186
ouibounce,https://github.com/carlsednaoui/ouibounce,JavaScript,2293,86,55,13,8,0.0,2,0,0,0,4,0.23998
unik,https://github.com/solo-io/unik,Go,2298,58,18,42,8,0.0,0,0,0,0,0,0.2395
intro-to-vue,https://github.com/sdras/intro-to-vue,Vue,2366,43,4,6,4,1.1,0,9,0,0.0,3,0.23946
personal-server,https://github.com/erebe/personal-server,Makefile,2422,3,1,6,1,2.4,0,13,13,2.1,4,0.23893
asmttpd,https://github.com/nemasu/asmttpd,Assembly,2347,85,5,5,1,0.0,1,2,0,1.0,8,0.23759
mylg,https://github.com/mehrdadrad/mylg,Go,2402,55,11,8,3,0.0,3,0,0,0,12,0.23724
login-with,https://github.com/lipp/login-with,JavaScript,2280,49,8,14,6,0.0,2,1,0,0.0,0,0.23674
squeel,https://github.com/activerecord-hackery/squeel,Ruby,2415,119,72,19,8,0.0,5,0,0,0,0,0.23473
china_ip_list,https://github.com/17mon/china_ip_list,,2280,70,2,3,0,0.1,0,3,0,1.3,55,0.23463
side-comments,https://github.com/aroc/side-comments,JavaScript,2326,82,28,10,7,0.0,0,0,0,0,8,0.23346
red_team_tool_countermeasures,https://github.com/fireeye/red_team_tool_countermeasures,YARA,2289,1,0,9,2,0.6,0,17,14,0.9,3,0.23327
creative-portfolios,https://github.com/iRaul/creative-portfolios,JavaScript,2406,49,11,14,6,0.0,0,2,0,0.0,2,0.23258
plax,https://github.com/cameronmcefee/plax,JavaScript,2321,117,40,23,10,0.0,0,0,0,0,0,0.23137
fuzzysort,https://github.com/farzher/fuzzysort,JavaScript,2356,41,30,2,2,0.0,10,6,2,2.0,4,0.231
ProxyBroker,https://github.com/constverum/ProxyBroker,Python,2356,64,22,9,4,0.0,2,6,0,1.0,0,0.23052
alpaca,https://github.com/pksunkara/alpaca,Go,2425,92,13,12,8,0.0,0,1,0,0.0,0,0.2299
ThreatHunter-Playbook,https://github.com/OTRF/ThreatHunter-Playbook,Python,2426,46,1,15,2,1.9,0,0,0,0,0,0.22607
atree,https://github.com/anvaka/atree,JavaScript,2359,86,0,7,1,0.0,0,0,0,0,3,0.22586
BackgroundMattingV2,https://github.com/PeterL1n/BackgroundMattingV2,Python,2408,1,0,4,2,0.4,0,42,39,2.5,0,0.22571
music-dl,https://github.com/0xHJK/music-dl,Python,2317,24,10,4,3,0.0,5,3,0,0.7,4,0.22554
DACircularProgress,https://github.com/danielamitay/DACircularProgress,Objective-C,2376,109,67,24,5,0.0,1,1,0,0.0,2,0.22549
AMWaveTransition,https://github.com/andreamazz/AMWaveTransition,Objective-C,2397,82,7,5,2,0.0,2,0,0,0,10,0.22339
Meny,https://github.com/hakimel/Meny,JavaScript,2327,103,38,8,3,0.0,0,0,0,0,50,0.22328
AlfredWorkflow.com,https://github.com/hzlzh/AlfredWorkflow.com,Python,2413,95,33,25,8,0.0,0,0,0,0,0,0.22327
MaterialIntroView,https://github.com/iammert/MaterialIntroView,Java,2354,60,39,9,7,0.0,2,2,0,0.0,2,0.22288
SublimeWebInspector,https://github.com/sokolovstas/SublimeWebInspector,Python,2385,97,55,14,2,0.0,4,0,0,0,16,0.22197
best-ruby,https://github.com/franzejr/best-ruby,Ruby,2330,63,38,36,6,0.0,1,0,0,0,0,0.21975
frontend-tools,https://github.com/codylindley/frontend-tools,,2376,101,64,46,7,0.0,0,0,0,0,0,0.21944
loaderviewlibrary,https://github.com/elye/loaderviewlibrary,Java,2409,53,21,11,4,0.0,3,0,0,0,3,0.21924
test_db,https://github.com/datacharmer/test_db,TSQL,2356,65,4,4,1,0.1,1,2,1,0.0,15,0.21785
ngraph.path,https://github.com/anvaka/ngraph.path,JavaScript,2427,41,6,6,3,0.0,2,2,1,0.0,2,0.21741
wxa-plugin-canvas,https://github.com/jasondu/wxa-plugin-canvas,JavaScript,2362,34,13,11,2,0.0,4,9,2,0.6,0,0.21718
dribbble2react,https://github.com/react-ui-kit/dribbble2react,JavaScript,2314,24,1,6,3,0.2,0,3,3,0.3,0,0.21712
javascript-decorators,https://github.com/wycats/javascript-decorators,,2341,71,29,6,4,0.0,0,1,0,0.0,24,0.2167
ShadowsocksBio,https://github.com/KeiKinn/ShadowsocksBio,,2298,28,0,5,1,0.2,0,4,3,0.8,0,0.21484
bertviz,https://github.com/jessevig/bertviz,Jupyter Notebook,2397,25,0,3,0,0.7,0,21,14,2.0,0,0.21392
Balloons.IO,https://github.com/rickyrauch/Balloons.IO,CSS,2386,114,27,15,7,0.0,0,0,0,0,0,0.21327
Learn-Git-in-30-days,https://github.com/doggy8088/Learn-Git-in-30-days,,2339,86,18,22,5,0.0,0,0,0,0,0,0.21185
Deep-Learning-for-Recommendation-Systems,https://github.com/robi56/Deep-Learning-for-Recommendation-Systems,,2346,45,11,15,7,0.0,0,0,0,0,0,0.21158
awesome-devsecops,https://github.com/devsecops/awesome-devsecops,,2315,64,23,26,5,0.0,0,2,0,0.0,0,0.21099
mobi.css,https://github.com/mobi-css/mobi.css,CSS,2353,53,40,9,4,0.0,9,0,0,0,2,0.21012
hardware-effects,https://github.com/Kobzol/hardware-effects,C++,2357,26,6,7,3,0.1,0,4,1,1.2,0,0.20956
webpackmonitor,https://github.com/webpackmonitor/webpackmonitor,JavaScript,2408,40,32,11,4,0.0,0,1,0,0.0,17,0.20955
ECDICT,https://github.com/skywind3000/ECDICT,Python,2382,46,10,4,1,0.0,1,4,2,1.5,3,0.20891
rplibs,https://github.com/refscn/rplibs,HTML,2318,44,2,1,1,0.2,0,2,0,3.0,2,0.2088
psdash,https://github.com/Jahaja/psdash,Python,2318,84,48,14,8,0.0,1,0,0,0,0,0.2085
CocoaSPDY,https://github.com/twitter/CocoaSPDY,Objective-C,2403,86,69,20,5,0.0,4,0,0,0,0,0.20607
javascript-design-patterns-for-humans,https://github.com/sohamkamani/javascript-design-patterns-for-humans,,2398,48,29,26,7,0.0,0,0,0,0,0,0.20511
linux-exploit-suggester,https://github.com/mzet-/linux-exploit-suggester,Shell,2342,52,3,3,2,0.2,1,1,0,0.0,4,0.20471
faster_rcnn,https://github.com/ShaoqingRen/faster_rcnn,Matlab,2395,66,30,7,4,0.0,0,0,0,0,14,0.20387
ViewPagerTransforms,https://github.com/ToxicBakery/ViewPagerTransforms,Kotlin,2421,81,14,12,4,0.0,1,0,0,0,0,0.20386
RecyclerView-FlexibleDivider,https://github.com/yqritc/RecyclerView-FlexibleDivider,Java,2330,73,55,6,3,0.0,2,0,0,0,20,0.20281
Swipecards,https://github.com/Diolor/Swipecards,Java,2283,78,51,8,1,0.0,0,1,0,1.0,33,0.20239
simplified-deeplearning,https://github.com/exacity/simplified-deeplearning,Jupyter Notebook,2316,55,21,19,6,0.0,0,0,0,0,0,0.20115
ENAS-pytorch,https://github.com/carpedm20/ENAS-pytorch,Python,2362,35,7,6,2,0.0,0,3,1,0.7,2,0.20113
frontend-guidelines-questionnaire,https://github.com/bradfrost/frontend-guidelines-questionnaire,,2360,61,4,5,3,0.0,0,0,0,0,2,0.19897
Awesome-WanAndroid,https://github.com/JsonChao/Awesome-WanAndroid,Java,2341,35,1,4,1,0.3,3,0,0,0,2,0.19828
iron-node,https://github.com/s-a/iron-node,JavaScript,2363,67,29,7,1,0.0,13,1,0,0.0,5,0.19554
page-skeleton-webpack-plugin,https://github.com/ElemeFE/page-skeleton-webpack-plugin,JavaScript,2423,39,24,10,4,0.0,0,5,0,0.8,0,0.19405
android-material-design-icon-generator-plugin,https://github.com/konifar/android-material-design-icon-generator-plugin,Java,2420,73,33,13,3,0.0,1,0,0,0,2,0.19207
ShimmerLayout,https://github.com/team-supercharge/ShimmerLayout,Java,2364,45,10,9,3,0.0,0,0,0,0,3,0.19158
paper-onboarding-android,https://github.com/Ramotion/paper-onboarding-android,Java,2387,57,9,9,3,0.1,0,2,1,0.0,0,0.18874
lnmp,https://github.com/oneinstack/lnmp,Shell,2370,95,1,13,0,0.2,1,1,0,0.0,0,0.18813
nx-admin,https://github.com/mgbq/nx-admin,Vue,2351,35,8,3,0,0.1,2,0,0,0,189,0.18762
material-ripple,https://github.com/balysv/material-ripple,Java,2322,77,53,6,3,0.0,1,0,0,0,10,0.18616
ProcMon-for-Linux,https://github.com/microsoft/ProcMon-for-Linux,C++,2316,6,2,8,1,0.3,1,8,3,0.9,0,0.18431
raspberrypi,https://github.com/dwelch67/raspberrypi,Assembly,2297,105,26,8,1,0.0,0,1,0,0.0,14,0.1816
NoteHighlight2016,https://github.com/elvirbrk/NoteHighlight2016,C#,2368,64,21,7,1,0.0,2,10,1,0.7,0,0.1815
aswan,https://github.com/momosecurity/aswan,Python,2345,19,2,6,0,0.2,1,11,9,1.1,0,0.18032
DevUtils-app,https://github.com/DevUtilsApp/DevUtils-app,Swift,2358,4,0,4,0,0.5,0,33,20,1.8,0,0.17992
binctr,https://github.com/genuinetools/binctr,Go,2393,58,20,10,5,0.0,0,0,0,0,0,0.17949
Programming-iOS-Book-Examples,https://github.com/mattneub/Programming-iOS-Book-Examples,Swift,2362,117,1,2,0,3.0,0,0,0,0,3,0.17884
weapp-demo,https://github.com/zce/weapp-demo,,2287,52,7,4,1,0.0,0,0,0,0,19,0.17857
NeteaseCloudWebApp,https://github.com/javaSwing/NeteaseCloudWebApp,Vue,2398,49,7,5,1,0.0,0,3,0,0.3,4,0.17803
AlphaZero_Gomoku,https://github.com/junxiaosong/AlphaZero_Gomoku,Python,2296,37,22,9,2,0.0,0,3,2,0.3,2,0.17782
White-box-Cartoonization,https://github.com/SystemErrorWang/White-box-Cartoonization,Python,2302,10,5,3,1,0.8,0,22,3,2.2,0,0.17777
Faster-RCNN_TF,https://github.com/smallcorgi/Faster-RCNN_TF,Python,2330,53,47,9,2,0.0,0,2,0,1.0,2,0.1771
Fluid-for-Sketch,https://github.com/matt-curtis/Fluid-for-Sketch,Objective-C,2413,63,29,5,2,0.0,2,0,0,0,6,0.17648
Awesome-Android-Notebook,https://github.com/JsonChao/Awesome-Android-Notebook,,2409,33,0,3,1,1.7,0,0,0,0,0,0.17572
AdvancedAndroid,https://github.com/SusionSuc/AdvancedAndroid,Kotlin,2327,27,6,2,1,0.5,0,2,0,0.0,31,0.175
mui,https://github.com/firstfloorsoftware/mui,C#,2352,96,56,12,2,0.0,0,1,0,0.0,5,0.17471
javsdt,https://github.com/junerain123/javsdt,Python,2320,18,7,3,0,2.4,10,4,0,1.5,0,0.17315
vigil,https://github.com/munificent/vigil,Python,2328,98,40,6,3,0.0,0,2,1,0.5,0,0.17298
fnlp,https://github.com/FudanNLP/fnlp,Java,2383,83,25,10,3,0.0,0,1,1,0.0,0,0.1726
itstack-demo-design,https://github.com/fuzhengwei/itstack-demo-design,Java,2390,8,0,1,1,0.9,0,15,5,0.7,0,0.17203
toolbar,https://github.com/paulkinzett/toolbar,JavaScript,2349,98,58,12,5,0.0,0,0,0,0,0,0.17146
c-algorithms,https://github.com/fragglet/c-algorithms,C,2406,184,3,6,1,0.0,0,0,0,0,0,0.1714
goboy,https://github.com/Humpheh/goboy,Go,2282,41,5,5,2,0.2,1,1,0,0.0,0,0.1714
learning-oop-in-php,https://github.com/marcelgsantos/learning-oop-in-php,,2284,72,61,10,6,0.0,0,1,0,0.0,0,0.17051
samurai-native,https://github.com/hackers-painters/samurai-native,HTML,2310,70,66,8,3,0.0,0,0,0,0,8,0.16953
dht,https://github.com/shiyanhui/dht,Go,2335,54,1,3,0,0.0,0,3,2,0.3,2,0.16759
dumpDex,https://github.com/WrBug/dumpDex,C++,2428,34,8,4,2,0.0,0,1,0,0.0,4,0.16532
Iconic,https://github.com/somerandomdude/Iconic,Python,2403,113,73,6,3,0.0,0,0,0,0,5,0.1645
game-hacking,https://github.com/dsasmblr/game-hacking,,2289,38,20,6,2,0.0,0,0,0,0,9,0.16413
AppMethodOrder,https://github.com/zjw-swun/AppMethodOrder,Java,2410,46,21,10,4,0.0,0,0,0,0,0,0.16383
MathUtilities,https://github.com/zalo/MathUtilities,C#,2350,48,2,3,1,0.4,0,2,2,0.0,0,0.16173
instascan,https://github.com/schmich/instascan,JavaScript,2402,55,45,2,1,0.0,0,10,3,0.7,10,0.16083
Genius-Android,https://github.com/qiujuer/Genius-Android,Java,2318,79,29,3,2,0.0,2,0,0,0,3,0.16072
Android-SwitchIcon,https://github.com/zagum/Android-SwitchIcon,Kotlin,2304,49,19,5,2,0.0,3,1,1,0.0,0,0.16019
douban,https://github.com/jeneser/douban,Vue,2310,47,39,2,1,0.0,1,0,0,0,70,0.15763
DesignerNewsApp,https://github.com/MengTo/DesignerNewsApp,Objective-C,2423,74,54,5,2,0.0,0,0,0,0,12,0.157
AndroidPhotoFilters,https://github.com/Zomato/AndroidPhotoFilters,Java,2399,56,26,5,3,0.0,1,2,0,0.0,0,0.1558
RL-Adventure-2,https://github.com/higgsfield/RL-Adventure-2,Jupyter Notebook,2349,32,31,4,2,0.0,0,4,0,0.8,2,0.15487
BGABadgeView-Android,https://github.com/bingoogolapple/BGABadgeView-Android,Java,2417,67,2,1,1,0.0,3,0,0,0,0,0.15446
AreaCity-JsSpider-StatsGov,https://github.com/xiangyuecn/AreaCity-JsSpider-StatsGov,JavaScript,2371,26,1,1,0,0.4,4,3,1,0.7,0,0.15433
cnn-benchmarks,https://github.com/jcjohnson/cnn-benchmarks,Python,2354,55,40,5,3,0.0,0,0,0,0,4,0.15402
CompressHelper,https://github.com/nanchen2251/CompressHelper,Java,2294,47,23,1,1,0.0,2,1,0,1.0,4,0.15282
CHINESE-OCR,https://github.com/xiaofengShi/CHINESE-OCR,Python,2356,33,18,2,1,0.0,0,8,0,1.0,4,0.15208
phxsql,https://github.com/Tencent/phxsql,C++,2417,53,29,10,2,0.0,1,1,0,0.0,0,0.15172
piecon,https://github.com/lipka/piecon,JavaScript,2343,103,63,6,2,0.0,0,0,0,0,5,0.15169
growth-in-action,https://github.com/phodal/growth-in-action,HTML,2372,58,27,9,3,0.0,0,0,0,0,0,0.14991
WebFrontEndStack,https://github.com/unruledboy/WebFrontEndStack,JavaScript,2292,66,35,6,4,0.0,0,0,0,0,0,0.14796
Checklist-Checklist,https://github.com/huyingjie/Checklist-Checklist,JavaScript,2280,37,25,7,4,0.0,0,0,0,0,0,0.14572
minipack,https://github.com/ronami/minipack,JavaScript,2317,36,29,6,2,0.0,0,0,0,0,5,0.14493
foresight.js,https://github.com/adamdbradley/foresight.js,JavaScript,2287,108,77,11,3,0.0,0,0,0,0,0,0.14487
gluon-api,https://github.com/gluon-api/gluon-api,Jupyter Notebook,2325,40,35,6,5,0.0,0,0,0,0,0,0.14485
Distributed-Systems,https://github.com/feixiao/Distributed-Systems,Go,2380,73,35,12,2,0.0,0,0,0,0,0,0.14243
ArgusAPM,https://github.com/Qihoo360/ArgusAPM,Java,2280,26,20,3,1,0.0,0,1,0,1.0,4,0.14153
vuvuzela,https://github.com/vuvuzela/vuvuzela,Go,2395,65,16,4,1,0.0,0,0,0,0,4,0.1406
weibo_terminater,https://github.com/jinfagang/weibo_terminater,Python,2284,58,15,6,2,0.0,0,0,0,0,0,0.13967
blog,https://github.com/creeperyang/blog,JavaScript,2335,67,27,1,1,0.0,0,3,0,1.0,3,0.13877
build-your-own-mint,https://github.com/yyx990803/build-your-own-mint,HTML,2287,25,24,6,4,0.0,0,1,0,0.0,0,0.13847
sketch-to-react-native,https://github.com/nanohop/sketch-to-react-native,Python,2320,40,37,7,4,0.0,0,0,0,0,0,0.13827
newscatcher,https://github.com/kotartemiy/newscatcher,Python,2362,11,8,4,2,0.3,0,5,2,0.2,0,0.13758
css_tricks,https://github.com/QiShaoXuan/css_tricks,CSS,2289,28,2,4,1,0.2,0,0,0,0,0,0.13723
pytorch-beginner,https://github.com/L1aoXingyu/pytorch-beginner,Python,2286,45,8,8,1,0.0,0,0,0,0,0,0.13473
MinimalistWeather,https://github.com/BaronZ88/MinimalistWeather,Java,2371,58,8,1,1,0.0,0,1,0,1.0,0,0.13348
progress.js,https://github.com/usablica/progress.js,JavaScript,2365,84,79,4,2,0.0,0,0,0,0,5,0.13198
pingfs,https://github.com/yarrick/pingfs,C,2306,96,8,3,1,0.0,0,0,0,0,0,0.13063
material-icon-lib,https://github.com/code-mc/material-icon-lib,Java,2281,67,32,3,0,0.0,2,1,0,1.0,2,0.12954
ProgressManager,https://github.com/JessYanCoding/ProgressManager,Java,2368,44,26,2,0,0.0,2,1,0,1.0,5,0.12881
matplotlib-cheatsheet,https://github.com/rougier/matplotlib-cheatsheet,Python,2368,17,6,2,2,0.1,0,0,0,0,2,0.12874
kubernetes-security-best-practice,https://github.com/freach/kubernetes-security-best-practice,,2416,34,31,6,3,0.0,0,0,0,0,0,0.12397
fluid-interfaces,https://github.com/nathangitter/fluid-interfaces,Swift,2413,31,29,4,1,0.0,0,0,0,0,8,0.11945
MGJRouter,https://github.com/meili/MGJRouter,Objective-C,2286,69,34,6,1,0.0,1,0,0,0,0,0.11714
gophers,https://github.com/ashleymcnamara/gophers,Go,2353,48,21,3,1,0.0,0,0,0,0,3,0.11681
chinese_ocr,https://github.com/YCG09/chinese_ocr,Python,2282,34,15,1,1,0.0,0,10,0,0.9,0,0.11615
youtube-iOS,https://github.com/aslanyanhaik/youtube-iOS,Swift,2343,56,20,7,1,0.0,0,0,0,0,0,0.11595
electron-vue-admin,https://github.com/PanJiaChen/electron-vue-admin,JavaScript,2325,43,29,3,1,0.0,0,1,0,1.0,0,0.1159
Design-Patterns-in-Javascript,https://github.com/tcorral/Design-Patterns-in-Javascript,JavaScript,2306,113,33,5,1,0.0,0,0,0,0,0,0.11318
Live,https://github.com/ltebean/Live,Swift,2403,55,43,3,1,0.0,0,0,0,0,6,0.11311
bilibili-vue,https://github.com/lybenson/bilibili-vue,Vue,2330,48,14,3,0,0.0,0,7,1,0.1,2,0.11023
android-priority-jobqueue,https://github.com/path/android-priority-jobqueue,Java,2430,94,63,4,2,0.0,0,0,0,0,0,0.10805
ZCAnimatedLabel,https://github.com/overboming/ZCAnimatedLabel,Objective-C,2291,71,61,2,1,0.0,1,2,0,0.0,2,0.10768
RollToolsApi,https://github.com/MZCretin/RollToolsApi,,2354,26,7,3,1,0.3,0,0,0,0,0,0.10661
Celeste,https://github.com/NoelFB/Celeste,C#,2331,35,7,2,1,0.0,0,1,0,0.0,0,0.10604
legacy-cc,https://github.com/mortdeus/legacy-cc,C,2290,96,39,2,2,0.0,0,0,0,0,0,0.10598
FabulousFilter,https://github.com/Krupen/FabulousFilter,Java,2365,43,34,3,0,0.0,0,2,0,0.5,6,0.10359
write-a-C-interpreter,https://github.com/lotabout/write-a-C-interpreter,C,2370,62,10,8,0,0.0,0,0,0,0,0,0.10351
android-dev-com,https://github.com/android-cn/android-dev-com,,2413,81,67,4,2,0.0,0,0,0,0,0,0.10295
PullZoomView,https://github.com/Frank-Zhu/PullZoomView,Java,2316,77,64,2,1,0.0,0,0,0,0,5,0.10096
dnc,https://github.com/deepmind/dnc,Python,2416,46,30,4,0,0.0,0,1,0,0.0,9,0.10074
ddia-references,https://github.com/ept/ddia-references,,2308,48,10,1,1,0.0,0,3,0,0.0,0,0.09938
NineGridView,https://github.com/jeasonlzy/NineGridView,Java,2310,60,45,2,1,0.0,0,2,0,0.5,0,0.09607
excelPanel,https://github.com/zhouchaoyuan/excelPanel,Java,2358,49,13,2,0,0.0,0,1,1,0.0,3,0.09601
understand-plugin-framework,https://github.com/tiann/understand-plugin-framework,Java,2404,60,29,5,0,0.0,0,0,0,0,4,0.09577
HackingNeuralNetworks,https://github.com/Kayzaks/HackingNeuralNetworks,Python,2306,15,14,3,2,0.0,0,0,0,0,0,0.09378
gopeed-core,https://github.com/monkeyWie/gopeed-core,Go,2392,21,9,1,0,0.2,0,1,0,2.0,0,0.093
hotcss,https://github.com/imochen/hotcss,CSS,2338,65,48,4,1,0.0,0,1,0,0.0,0,0.09056
SublimePicker,https://github.com/vikramkakkar/SublimePicker,Java,2317,69,28,2,0,0.0,0,0,0,0,6,0.08686
neuralart,https://github.com/kaishengtai/neuralart,Lua,2373,65,47,4,1,0.0,0,0,0,0,0,0.08628
condom,https://github.com/oasisfeng/condom,Java,2374,46,13,2,0,0.0,3,0,0,0,0,0.0848
flat-surface-shader,https://github.com/wagerfield/flat-surface-shader,JavaScript,2359,95,81,1,1,0.0,0,0,0,0,3,0.08188
webpack-tricks,https://github.com/rstacruz/webpack-tricks,,2372,49,38,4,0,0.0,0,0,0,0,4,0.07941
Hyperlapse.js,https://github.com/TeehanLax/Hyperlapse.js,JavaScript,2298,96,93,4,1,0.0,0,0,0,0,0,0.07924
brownies,https://github.com/franciscop/brownies,JavaScript,2374,53,20,2,0,0.0,3,0,0,0,0,0.07826
ZLayoutManager,https://github.com/mcxtzhang/ZLayoutManager,Java,2344,51,43,2,0,0.0,1,2,1,0.5,0,0.0764
BeautifyFaceDemo,https://github.com/Guikunzhi/BeautifyFaceDemo,Objective-C,2379,57,51,3,1,0.0,0,0,0,0,0,0.07498
MWFeedParser,https://github.com/mwaterfall/MWFeedParser,Objective-C,2287,130,82,2,1,0.0,0,0,0,0,0,0.0736
coder,https://github.com/googlecreativelab/coder,JavaScript,2395,92,72,10,0,0.0,0,0,0,0,0,0.07218
SopCastComponent,https://github.com/LaiFeng-Android/SopCastComponent,Java,2371,50,48,2,1,0.0,0,1,0,0.0,0,0.07013
keyboard-pcb-guide,https://github.com/ruiqimao/keyboard-pcb-guide,,2301,49,49,2,1,0.0,0,1,0,0.0,0,0.06914
SpringIndicator,https://github.com/chenupt/SpringIndicator,Java,2326,72,56,2,0,0.0,1,0,0,0,2,0.06849
AndroidTagGroup,https://github.com/2dxgujun/AndroidTagGroup,Java,2422,72,67,1,1,0.0,1,0,0,0,0,0.06727
awesome-reverse-engineering,https://github.com/alphaSeclab/awesome-reverse-engineering,,2326,13,13,1,1,0.0,1,0,0,0,0,0.06553
ListenerMusicPlayer,https://github.com/hefuyicoder/ListenerMusicPlayer,Java,2329,48,46,2,1,0.0,0,0,0,0,0,0.06538
http,https://github.com/woai30231/http,,2412,51,31,1,0,0.0,0,1,0,1.0,0,0.06526
TinyEditor,https://github.com/umpox/TinyEditor,HTML,2294,49,30,1,1,0.0,0,0,0,0,0,0.06488
botnets,https://github.com/maestron/botnets,C++,2350,29,29,2,0,0.0,0,1,0,1.0,0,0.06455
AndroidArchitectureCollection,https://github.com/CameloeAnthony/AndroidArchitectureCollection,,2363,58,37,1,1,0.0,0,0,0,0,0,0.06395
CardSlidePanel,https://github.com/xmuSistone/CardSlidePanel,Java,2364,62,39,3,0,0.0,0,1,1,0.0,0,0.05901
flexbox-patterns,https://github.com/cjcenizal/flexbox-patterns,CSS,2351,61,49,2,0,0.0,1,0,0,0,0,0.048
fe-material,https://github.com/cucygh/fe-material,,2389,36,20,2,0,0.0,0,0,0,0,0,0.04424
paint,https://github.com/dli/paint,JavaScript,2315,48,48,1,0,0.0,0,2,0,0.5,0,0.04394
fuck12306,https://github.com/andelf/fuck12306,Python,2371,71,58,3,0,0.0,0,0,0,0,0,0.04318
JJSearchViewAnim,https://github.com/android-cjj/JJSearchViewAnim,Java,2371,58,50,1,0,0.0,0,0,0,0,2,0.04242
doppler,https://github.com/DanielRapp/doppler,JavaScript,2360,71,46,2,0,0.0,0,0,0,0,0,0.04081
safe-java-js-webview-bridge,https://github.com/pedant/safe-java-js-webview-bridge,JavaScript,2403,79,73,1,0,0.0,0,0,0,0,2,0.04076
txqr,https://github.com/divan/txqr,Go,2372,26,24,2,0,0.0,0,2,0,0.0,0,0.03982
CSS-Secrets,https://github.com/cssmagic/CSS-Secrets,,2367,66,28,1,0,0.0,0,0,0,0,0,0.03969
flutter-study,https://github.com/yang7229693/flutter-study,,2380,32,24,1,0,0.0,0,0,0,0,0,0.02596
MvpApp,https://github.com/Rukey7/MvpApp,Java,2338,54,44,1,0,0.0,0,0,0,0,0,0.02407
design-resource,https://github.com/timmy3131/design-resource,,2336,62,55,1,0,0.0,0,0,0,0,0,0.02204
AlgorithmsSedgewick,https://github.com/aistrate/AlgorithmsSedgewick,Java,2370,111,110,1,0,0.0,0,0,0,0,0,0.01937
stanford_dl_ex,https://github.com/amaas/stanford_dl_ex,,2382,89,89,1,0,0.0,0,0,0,0,0,0.01915
